:020000040800F2
:100000004038002089010008DB140008AF0C00080C
:10001000D9140008670B0008DB2F0008000000005F
:100020000000000000000000000000001523000890
:10003000690B00080000000031200008B12E000804
:10004000A3010008A3010008A3010008A301000800
:10005000A3010008A30100086B0B0008A30100081E
:10006000A3010008A3010008A3010008A3010008E0
:10007000A3010008A3010008A3010008A3010008D0
:10008000A3010008A3010008630B0008A3010008F6
:10009000A3010008A3010008A3010008A3010008B0
:1000A000A3010008A3010008A3010008A3010008A0
:1000B000A3010008A3010008A3010008A301000890
:1000C000A3010008A3010008A3010008A301000880
:1000D000A3010008D52F0008A3010008A301000810
:1000E000A3010008A3010008A3010008A301000860
:1000F000A3010008A3010008A301000800000000FC
:1001000000000000A3010008A30100080000000097
:10011000A3010008A3010008000000000000000087
:10012000A3010008A3010008A3010008A30100081F
:1001300000000000000000000000000000000000BF
:1001400000000000000000000000000000000000AF
:10015000A3010008A3010008A3010008A3010008EF
:10016000A3010008A3010008D72F0008A30100087D
:10017000DFF810D000F0AAFC004800473D56000808
:10018000AFF300804038002006488047064800470B
:10019000FEE7FEE7FEE7FEE7FEE7FEE7FEE7FEE737
:1001A000FEE7FEE77D2F00087101000810B5431A35
:1001B000934209D28318881803E010F8011D03F850
:1001C000011D521EF9D210BD40EA01039B0703D066
:1001D00009E008C9121F08C0042AFAD203E011F886
:1001E000013B00F8013B521EF9D210BDD2B201E032
:1001F00000F8012B491EFBD270470022F6E710B52C
:1002000013460A4604461946FFF7F0FF204610BD84
:1002100030B505462A460B4612F8010B13F8014B80
:1002200008B1A042F8D01CB1002802D06D1CF1E743
:10023000284630BD421C10F8011B0029FBD1801A52
:10024000704710B5002200E0521C835C8C5CA34216
:1002500001D1002BF8D1D8B2E1B2401A10BD30B5AF
:1002600003461D783DB10A4612F8014B1CB1AC4261
:10027000FAD15B1CF5E7181A30BD30B505460020F1
:1002800008E00A4602E0A34207D0521C1378002B74
:10029000F9D1401C2C5C002CF3D130BD2DE9F0418C
:1002A0000E460546002400E0641C285D00F0F4FAC8
:1002B0000746305D00F0F0FA381A02D1295D0029B6
:1002C000F2D1BDE8F0812DE9F04791460F46804616
:1002D0000446002614F8015B2DB100F0D9FA00683D
:1002E000405DC007F6D12B2D02D02D2D18D0641EF5
:1002F0004A463946204600F0D5FA27B13968A1426E
:1003000001D1C7F8008071054FF002040BD54042BF
:10031000002803DD02F09EFE0460A007BDE8F08720
:1003200046F48066E4E70028F8DA02F093FE046001
:100330006FF00040F2E72DE9F05F93460F468046EC
:100340000446002602F086FED0F80090824614F89B
:10035000015B2DB100F09CFA0068405DC007F6D14A
:100360002B2D02D02D2D1AD0641E0021CAF80010AA
:100370005A463946204600F095FA014627B13868BA
:10038000A04201D1C7F80080DAF80000022809D0A5
:10039000CAF80090700505D54842BDE8F09F46F4C4
:1003A0008066E2E70846F8E72DE9FE4F804681EADD
:1003B0000300C00F0C46009021F0004123F00045DF
:1003C000B8EB0200A94105D24046214690461C46A2
:1003D0000B46024623F00040104347D0270DC7F3D9
:1003E0000A00C3F30A510290401A019040286BDAC8
:1003F000C3F3130040F4801B0098924620B1002301
:10040000D2EB030A63EB0B0B01985946C0F1400293
:10041000504600F00CFA06460D4650465946019AE1
:1004200000F024FA10EB08006141002487EA115221
:1004300084EAE7731A4340D0009A62B3019A012A12
:100440004FEA075215DC001B61EB02014FF000423E
:1004500002EA0752CDE90042001C41F58011324604
:100460002B4600F0B4FA03B0BDE8F08F40462146B9
:10047000F9E7001B61EB0201001C41F58013001835
:100480005B412018A2F5001747EB030140EAD57045
:10049000B6196D4111E06D084FEA360645EAC075A0
:1004A0004FEA0752001B61EB0201001C41F580116D
:1004B00049084FEA30000019514132462B4603B03B
:1004C000BDE8F04F00F074BA00980122400000230C
:1004D000D0EB020263EBE073009821464FEAE07430
:1004E000B8EB000061EB0401E9E783F000435BE750
:1004F00081F0004158E72DE9FE4F81EA030404F042
:10050000004421F0004100944FF0000B23F0004321
:1005100050EA01045ED052EA03045BD0C3F30A54EC
:10052000C1F30A552C44A4F2F3340194A0FB025405
:10053000C1F3130141F48011C3F3130343F4801397
:1005400001FB024400FB034E840A970A44EA8154EB
:1005500047EA8357A4FB076802958D0A05FB0785C8
:100560004FEA932C04FB0C542705029D4FEA0658D2
:1005700047EA1637B5EB08056EEB070C870E920EAF
:1005800047EA811742EA8312A7FB0201B6EB0B018F
:1005900064EB00042B0D43EA0C335E1844EB1C5053
:1005A000DA465146E7FB0201C5F313044FEA0B3369
:1005B00043EA14534FEA0432019C43EA0603A4F1D0
:1005C0000C040294009CCDE900B400F000FA03B0E2
:1005D000BDE8F08F00200146F9E72DE9F04D81EAF2
:1005E000030404F0004B21F0004514464FF0000ACC
:1005F00023F0004150EA050220D054EA01021DD048
:10060000C5F30A570246C5F31303C1F31300C1F340
:100610000A5640F4801543F48013A7EB0608101B1C
:10062000D64608F2FD3873EB050002D308F1010845
:1006300001E092185B41B8F1000F03DA0020014697
:10064000BDE8F08D00204FF48011064684460EE090
:10065000171B73EB050705D3121B63EB050306435A
:100660004CEA010C49084FEA300092185B4150EA0D
:100670000107EDD152EA030012D082EA040083EAB6
:100680000501084305D0101BAB4106D2012200230F
:1006900006E000224FF0004302E06FF00102531029
:1006A0001AEB06004CEB085110EB0A0041EB0B0172
:1006B000BDE8F04D00F07CB90EB540F23341029137
:1006C0000021CDE900110A460B4600F080F903B085
:1006D00000BD70B5C1F30A5201F000450024C1F31A
:1006E000130140F2FF3341F480119A4201DA0020F5
:1006F00070BD40F233439A42A2F2334203DC5242CD
:1007000000F0A4F800E090402C43F1D0404270BDCE
:10071000C1F30A5210B5C1F3130140F2FF3341F4A3
:1007200080119A4201DA002010BD40F233439A4210
:10073000A2F2334203DC524200F088F810BD904030
:1007400010BD00F0004230F000400AD0C10D01F5AC
:100750006071C0F3160042EA0151C208400711431C
:10076000704700200146704701F0004330B421F08B
:10077000004150EA010206D00A0DA2F56072C1F3F1
:100780001301002A02DC30BC00207047440F44EA09
:10079000C104C100E01830BC00EBC25000F0D1B879
:1007A00030B50B46014600202022012409E021FA41
:1007B00002F59D4205D303FA02F5491B04FA02F53E
:1007C0002844151EA2F10102F1DC30BD2DE9F05FD5
:1007D0000546002092469B468846064681464024B0
:1007E0001BE0284641464746224600F02FF8534674
:1007F0005A46C01A914110D311461846224600F0BD
:1008000016F82D1A67EB01084F46224601200021F9
:1008100000F00DF817EB00094E41201EA4F1010471
:10082000DFDC484631462A464346BDE8F09F202A91
:1008300004DB203A00FA02F1002070479140C2F137
:10084000200320FA03F3194390407047202A04DB69
:10085000203A21FA02F00021704721FA02F3D04039
:10086000C2F120029140084319467047202A06DB56
:10087000CB17203A41FA02F043EAE07306E041FA6E
:1008800002F3D040C2F1200291400843194670475C
:1008900000487047B0A10008A0F14101192900D813
:1008A000203070472DE9F05F82460078002715461A
:1008B0008B460AF10104B946302801D09DB113E0FE
:1008C00014F8010B0127782803D0582801D045B12E
:1008D0000AE00DB1102D07D10027102514F8010BE7
:1008E00002E0082500E00A250026B0460EE005FBE0
:1008F000080005FB06F1012701EB10461FFA80F8FE
:10090000B6F5803F00D3B94614F8010B294600F034
:10091000EFF80028EBDABBF1000F05D00FB1641E31
:1009200000E05446CBF80040B9F1000F06D002F0C9
:1009300091FB02210160C81EBDE8F09F48EA064015
:10094000FAE70029A8BF7047401C490008BF20F003
:100950000100704710B4B0FA80FC00FA0CF050EAC5
:10096000010404BF10BC704749B1CCF1200421FA46
:1009700004F411FA0CF118BF012121430843A3EB41
:100980000C01CB1D4FEA00614FEA102042BF00204E
:1009900010BC704700EBC35010440029A4BF10BC2A
:1009A0007047401C490008BF20F0010010BC704790
:1009B00010B5141E73F1000408DA401C41F1000167
:1009C00092185B411A4301D120F0010010BD2DE9BE
:1009D000F04D92469B4611B1B1FA81F202E0B0FAB5
:1009E00080F220329046FFF722FF04460F4640EA8D
:1009F0000A0041EA0B0153465A46084313D01146F8
:100A000053EA010019D0C8F140025046FFF71EFF1B
:100A100005460E46504659464246FFF708FF084332
:100A200005D0012004E020463946BDE8F08D0020C5
:100A3000054346EAE0762C4337430A986305E40A07
:100A4000A0EB08000022FD0A44EA47540A3002D510
:100A500000200146E9E7010510196941DDE9084573
:100A600000196941BDE8F04DA2E7C1F30A52C1F394
:100A7000130140F2FF3341F480119A4202DA002060
:100A80000146704740F233439A42A2F2334202DCFD
:100A90005242FFF7DBBEFFF7CABE000030B5041EAE
:100AA00071F1000404DB4FF00044404264EB0101AB
:100AB000141E73F1000405DB1C464FF00043524244
:100AC00063EB0403994208BF904230BD064C074DCA
:100AD00006E0E06840F0010394E80700984710340E
:100AE000AC42F6D3FFF748FB4CA500086CA5000804
:100AF0003A2800D2303820F02002412A01D3A2F156
:100B00003700884201D34FF0FF30704770B58C1822
:100B100010F8015B15F0070301D110F8013B2A1111
:100B200006D110F8012B03E010F8016B01F8016BFE
:100B30005B1EF9D12B0705D40023521E0DD401F8FA
:100B4000013BFAE710F8013BCB1A921C03E013F8C3
:100B5000015B01F8015B521EF9D5A142D8D30020F8
:100B600070BD02F02FBFFEE7704710B5012004F002
:100B7000DBFA012805D104F0D1FABDE8104005F0F8
:100B800003BE10BD2DE9F84F203A0024DDF828B04F
:100B90000F46064602F0FF0A7F2802D900268F1C66
:100BA000FFB28020102B0DD0082B2FD1274A02EB4B
:100BB000CA018246CDF800100098BBF1000F005D1D
:100BC00028D125E0224804EB0A11BBF1000F405C5C
:100BD00001D1C043C0B28146002507EB0408802044
:100BE000E84010EA090F06EB050008F0FF01C0B26B
:100BF00001D0012200E0002201F038FB6D1CEDB2B3
:100C0000082DECD3641CE4B2102CDBD3BDE8F88FC4
:100C1000C043C0B28146002507EB04082AFA05F05C
:100C200010EA090F06EB050008F0FF01C0B201D081
:100C3000012200E0002201F019FB6D1CEDB2082D2D
:100C4000ECD3641CE4B2082CB6D3DFE74598000867
:100C50003D9B00082DE9F84F0024DDF828A01E4632
:100C6000904689460546102B03D0082E1DD1062735
:100C700013E0082711E0334649462846CDF800A086
:100C8000FFF780FFE819C5B2782D04D909EB0600FB
:100C9000002500F0FF09641CE4B218F80420002AC3
:100CA000E9D1BDE8F84F01F02FBABDE8F88FFEE7B3
:100CB00008B502228DF800008DF80110694640F257
:100CC000111000F0E5FB08BD01B50122694640F2B4
:100CD000111000F0DDFB08BD002211464FF48770B3
:100CE00000F0D6BB08B5010E8DF80010010C8DF890
:100CF0000110010A8DF802108DF8030004226946E4
:100D00004FF48A7000F0C4FB08BD0022114640F287
:100D10000B1000F0BDBB13B59DF80000022802D9EE
:100D200002208DF8000021B1C0B240F004008DF81F
:100D30000000012269464FF48B7000F0A9FB1CBD36
:100D40007FB500F0C7FA00F04FFB012000F082FBF6
:100D5000002000F07FFB00246D46002000F07AFBAD
:100D600045F82400641CE4B2042CF6D300F0C6FA63
:100D700000F0B0FA00990398029A40EA01600199E4
:100D800004B0090441EA0221084370BD7CB506465F
:100D9000144604200D460022009001AB11464FF48A
:100DA000017000F0DEFA9DF80500B5EE001A00EEC5
:100DB000100AF8EE400ABEEE000A60EE800AC6EDA8
:100DC000000A9DF90600801C00EE900AF8EEE00A89
:100DD00060EE810AC5ED000A9DF8060000EE900A5B
:100DE000F8EE600A20EE800A84ED000A7CBD1CB596
:100DF00002200022009001AB114640F2052000F0D5
:100E0000B0FA9DF805001CBD7CB5054603200C46D4
:100E10000022009001AB114640F2032000F0A1FA3D
:100E20009DF8050028709DF8060020707CBD2DE916
:100E3000FF410746154609201C460E460022009039
:100E400001AB114640F2012000F08BFA9DF806003C
:100E50009DF8051000EB012038809DF808009DF8F2
:100E6000071000EB012030809DF80A009DF8091062
:100E700000EB012028809DF80C009DF80B1000EB82
:100E800001202080BDE8FF8170B50C46054600F0CA
:100E900021FA00F0A9FA012000F0DCFA2870002005
:100EA00000F0D8FA20700024002000F0D3FA641C6F
:100EB000E4B2042CF8D300F021FABDE8704000F051
:100EC00009BAFEB50746154605201C460E46002207
:100ED000009001AB114640F2011000F042FA9DF87B
:100EE000050038709DF8060030709DF807002870E6
:100EF0009DF808002070FEBD002211464FF40070DE
:100F000000F0C6BA0849884201D808480AE00649F4
:100F1000C94308440649884202D80448143001E015
:100F20000248283000F0D5B8008793038C9400085D
:100F3000FF3A58082DE9FC410DF1200898E8F0002F
:100F40008DF800008DF801108DF804408DF8022016
:100F50008DF805508DF806608DF803308DF8077018
:100F6000082269464FF4897000F092FABDE8FC81CE
:100F70001CB5020E8DF80020020C8DF80120020A2B
:100F80008DF802208DF80300080E8DF80400080C7F
:100F90008DF80500080A8DF806008DF80710082264
:100FA000694640F2131000F073FA1CBD002211468E
:100FB00040F21D1000F06CBA38B5052800D20520AB
:100FC000CC1F062C01D2062102E00F2900D90F21E7
:100FD0005AB1072A00D907228DF800008DF80110B8
:100FE0008DF802201BB1012002E00122F4E700206D
:100FF0008DF803000422694640F20F2000F048FA01
:1010000038BD7CB50025069C00950195050A8DF834
:1010100000508DF80100012009B18DF802008DF813
:1010200003200BB18DF804000CB18DF805000622E9
:1010300069464FF4047000F02BFA7CBD01B5012223
:10104000694640F22B2000F023FA08BD08B50228BB
:1010500000D90220012900D90121072A00D907223D
:101060008DF800008DF801108DF802208DF8033006
:101070000422694640F2152000F00AFA08BD01B5C5
:101080000122694640F20E2000F002FA08BD08B5C0
:1010900000218DF8001010B101208DF80000012210
:1010A00069464FF4887000F0F3F908BD08B5010EE9
:1010B0008DF80010010C8DF80110010A8DF8021056
:1010C0008DF803000422694640F20B2000F0E0F99D
:1010D00008BD0EB5417801F00F02017862F31F11CF
:1010E0008DF80010C17801F00F02817862F31F11B2
:1010F0008DF80110417901F00F02017962F31F119F
:101100008DF80210C17901F00F02817962F31F118D
:101110008DF80310417A01F00F02017A62F31F117A
:101120008DF80410C17A01F00F02817A62F31F1169
:101130008DF80510417B01F00F02017B62F31F1156
:101140008DF80610C17B01F00F02817B62F31F1145
:101150008DF80710017C0B2201F00F018DF80810AB
:10116000418A090A8DF80910807C8DF80A006946C9
:1011700040F2292000F08CF90EBD08B5B0F1807F57
:1011800001D36FF07F40010C8DF80010010A8DF83B
:1011900001108DF802000322694640F2092000F098
:1011A00077F908BD08B500218DF8001010B10120B5
:1011B0008DF800000122694640F2272000F068F90E
:1011C00008BD01B59DF80000032802D903208DF861
:1011D00000000122694640F2132000F059F908BDD1
:1011E0001CB5032800D903208DF80000080E8DF8E7
:1011F0000100080C8DF80200080A8DF803008DF834
:1012000004100522694640F21B1000F041F91CBD94
:1012100001B59DF8000010B101208DF800000122F9
:1012200069464FF48E7000F033F908BD08B5072801
:1012300000D90720B1F1807F01D36FF07F418DF895
:101240000000080C8DF80100080A8DF802008DF8E6
:1012500003100422694640F2171000F019F908BD86
:1012600008B5B0F1807F01D36FF07F40010C8DF89D
:101270000010010A8DF801108DF802000322694662
:1012800040F20A2000F004F908BD0022114640F2A5
:10129000192000F0FDB80022114640F21A2000F09B
:1012A000F7B808B502228DF800008DF801106946E4
:1012B00040F2112000F0ECF808BD10B500F094F8F1
:1012C000012003F0F9FE00F019F8BDE8104000F02D
:1012D00001B8000070B5074C074D04E00421284612
:1012E00004F063F918B12046641EF7D270BD0120E6
:1012F00070BD000040420F00000801400821014875
:1013000004F0C0B80008014070B515460E4604460A
:10131000FFF7E0FF00F068F8012006F00FF90A205F
:1013200006F00CF9204606F009F9284606F006F901
:10133000FFF7E4FFFFF7CEFF00F056F8002006F0BD
:10134000FDF8002405E0002000F084F83055641C0E
:10135000E4B2AC42F7D3FFF7D1FFBDE87040FFF72E
:10136000B9BF2DE9F041984615460F460446069E42
:10137000FFF7B0FF00F038F8200A06F0DFF8E0B21F
:1013800006F0DCF8002404E0385D06F0D7F8641CB1
:10139000E4B2AC42F8D3FFF7B1FFFFF79BFF00F0D8
:1013A00023F8002406E0002000F054F808F80400B8
:1013B000641CE4B2B442F6D3FFF7A0FFBDE8F041ED
:1013C000FFF788BF10B5074C1021204604F058F8ED
:1013D000022003F071FE2046BDE81040102104F009
:1013E00051B80000000C01400821014804F048B841
:1013F00000080140164908281CD2DFE800F0040963
:101400000D121B162125002008700146FFF7E8BECB
:1014100001200870002002E0022008700120FFF780
:10142000F7BE03200870FFF7C1BD0520087000203B
:10143000FFF716BF042008706FF07F40FFF79DBED6
:1014400006200870FFF721BF07200870FFF723BFB1
:10145000AC03002006F072B870B50D460646FFF7E3
:1014600039FFFFF7C1FF012006F068F8092006F0F8
:1014700065F8002404E0305D06F060F8641CE4B216
:10148000AC42F8D3FFF73AFFBDE87040FFF722BF48
:101490002DE9F04116460F460546FFF71BFFFFF703
:1014A000A3FF280A06F04AF8E8B206F047F800243D
:1014B00004E0385D06F042F8641CE4B2B442F8D3AC
:1014C000FFF71CFFA5F580701B3803D0BDE8F04185
:1014D000FFF700BFBDE8F081FEE7704730B500F0D0
:1014E0000703C3F10704042C00D90424181D07289E
:1014F00001D2002300E0DB1E012505FA04F0401EA6
:10150000084098409D406D1E1540284330BDF8B5F9
:101510000020009008223E21022000F0ECF9002477
:101520006D4645F6A52604F11E00C2B231463B20A9
:1015300000F083F92855641C032CF4D31C22314697
:101540003B2000F07AF95A281BD1FD223D210220D0
:1015500000F072FC9DF802201AB14521002000F035
:101560006BFC9DF800001C2100F01F0040F0C00241
:10157000032000F061FC9DF801201D21032000F0F4
:101580005BFC08223E21022000F0D2FA0020F8BDC8
:1015900002466C21002000F04FBC000010B504464C
:1015A00001220621022000F0A6F90A484FF0280384
:1015B000844201D2084A01E0074A28320A21022067
:1015C00000F060FCEF223421022000F035FC002006
:1015D00010BD00000027B9294497000870B5084DD8
:1015E000002400BF04EB44004119285C8A78497844
:1015F00000F022FC641C3A2CF4D3002070BD0000E3
:101600001595000810B5012202FA00F3A0F10804B4
:10161000A24021B101290AD04FF0FF3010BD0828A7
:1016200002D2DAB2632109E0D2B2642106E00828CE
:1016300002D2DAB2652101E0D2B26621002000F0C8
:1016400077FA002010BD03F037BD10B5042000F07C
:10165000A1FA00F0ADFB00F079FB022000F0A6FA41
:10166000BDE81040062000F095BA10B56C210020AE
:1016700000F003F900F07F0010BD10B57F210120BC
:1016800000F0FBF840B210BD7CB5002503236A468C
:101690007121022000F0FAF80323742101200DF1DA
:1016A000030200F0F3F89DF805009DF80410000413
:1016B00040EA01229DF803009DF8011002439DF8C5
:1016C0000200000440EA01219DF80000014300D11E
:1016D00001210E48037A007A092B03D8C0F10900D2
:1016E000824001E00938C240B2FBF1F00849002411
:1016F00051F82420824202D3A4F1140503E0641CB3
:10170000E4B21F2CF4D328467CBD0000E82F002053
:101710009497000810B504220621022000F0EBF88F
:1017200004220621022000F003FA7E21012000F0AD
:10173000A4F840B210BD70B5054600F008F80446A4
:1017400002462946012000F0BEF8204670BD7D21EA
:10175000012000F092B8000010B5044606210420D4
:1017600000F09DFB0120FFF76EFF0321002000F039
:1017700096FB03211A2000F092FB002000F0CAF92A
:101780000021022000F08BFB0120FFF75CFF01210C
:10179000022000F084FB0120FFF755FF20220621E4
:1017A000032000F049FB0120FFF74DFF022108460E
:1017B00000F075FB0120FFF746FF202226210320C1
:1017C00000F03AFB0120FFF73EFF3621042000F035
:1017D00066FB0120FFF737FF0321022000F05FFBCB
:1017E0000120FFF730FF0421022000F058FB012008
:1017F000FFF729FFFFF7F2FEFFF789FE2046FFF70C
:10180000CDFE00F007F802490420C870002010BD8A
:10181000C403002010B501210A20FFF7F3FE0121C7
:101820000020FFF7EFFE00210A2000F0F2FA00216D
:10183000BDE81040084600F0ECBA38B50546080A85
:101840008DF800008DF8011050008DF8020042F272
:10185000107403236A462946022000F013FB6C2112
:10186000002000F00AF8000602D4641EA4B2F6D2EA
:101870002946022000F001F838BD10B50C4600F0F2
:1018800049F92046BDE8104000F00DB870B51C467F
:1018900015460E4600F03EF9224629463046BDE880
:1018A000704000F010B810B5044604F015F860065A
:1018B000000E05F043FE002004F014F8044604F086
:1018C00005F8204610BD70B515460E46044604F0D6
:1018D00003F86006000E05F031FE002405E000204C
:1018E00004F000F83055641CE4B2AC42F7D3BDE814
:1018F000704003F0EBBF70B514460D4600F00AF9D6
:101900002846FFF7D0FF20EA0401284600F0C7FA76
:10191000002070BD10B504460246F0230D210320BF
:1019200000F095FA4FF00202092C4FF03F011046EB
:1019300002D000F0FDF801E0FFF7DDFF014844723E
:1019400010BD0000E82F002010B5044602460E230B
:101950000D21032000F07BFA0148847210BD0000C5
:10196000E82F002010B50446024608230E2103206C
:1019700000F06DFA0148C47210BD0000E82F00208D
:101980002DE9F04104462DED028B82B09FED438B93
:10199000444820264FF0FF38844240D34248D0F8D4
:1019A0007801A0423BD34048002500BF05EB45012C
:1019B00050F82120A2422DD200EB81014968A142BA
:1019C00028D305EB450100EB81073749B87AFC398C
:1019D000C0F30210085CFEF76FFE41EC180B2046C6
:1019E000FEF76AFE53EC182BFEF785FD9FED2F1BCB
:1019F00053EC112BFEF7F1FD41EC180B07F1080237
:101A000002234021002000F03DFAB97A3D2000F089
:101A100046FA02E06D1CB542C8D3B54205D3404634
:101A200002B0BDEC028BBDE8F08151EC180BFEF763
:101A30006FFE0546FEF740FE53EC182BFEF758FDEF
:101A40009FED1C1BA5F1140653EC112BFEF753FD63
:101A5000FEF73FFE05468DF80040200A8DF8010094
:101A6000200C8DF80200200E8DF8030004236A4636
:101A70000921032000F006FA8DF804608DF8055066
:101A8000C5F303208DF80600032301AA152118468B
:101A900000F0F8F9094844600020C1E700000000A8
:101AA0000000000090BF3E08C4950008000000C080
:101AB00079847E410000000000008940E82F00206A
:101AC00010B5094C4FF0600330B101220E211046D1
:101AD00000F0BDF9012005E002220E21012000F0F6
:101AE000B6F90020207310BDE82F002010B5044681
:101AF000024608231221032000F0A9F9014884734B
:101B000010BD0000E82F00200149C8707047000098
:101B1000C4030020054910B50A78824204D0087039
:101B20000146002000F0BBF9002010BDC4030020D6
:101B300070B514460D46FFF7EDFF2846FFF7B3FEDC
:101B400040EA0401284600F0AAF9002070BD000018
:101B500038B504468DF80000000A8DF80100022314
:101B60006A461321032000F08DF90148048238BD34
:101B7000E82F002010B50446012807D000222421B8
:101B8000032000F059F90248C47410BD0822F6E79A
:101B9000E82F002010B504460146022000F07FF92E
:101BA0000148C47010BD0000C40300200323024696
:101BB0000621184600F04BB910B504460246F02342
:101BC0000E21032000F043F90148047210BD00000B
:101BD000E82F002010B5044602460F21032000F034
:101BE0002BF90148447310BDE82F002010B500F018
:101BF000F5F802490520C87010BD0000C40300209C
:101C0000042302460621032000F021B92DE9F0410A
:101C1000162801D9162001E000B90120451E284CE4
:101C200005EB45073D1906466878222100F00102C0
:101C3000032000F001F9E25D1E21002000F0FCF815
:101C400068784B210209002000F0F6F8A8784FF0E0
:101C5000040270284FF046014FF0000002D0FFF759
:101C600067FF01E0FFF747FE164C6078B0B901202E
:101C7000607008223E210220FFF73DFE202245F63B
:101C8000A5213B20FFF7D9FDA07008223E210220AC
:101C9000FFF74EFFA07808B90820A070A878A278B6
:101CA00000F00F01511A00F0F002C9B20A434521B9
:101CB000002000F0C1F804480670BDE8F081000083
:101CC000D0940008C4030020E82F002010B50021A4
:101CD0000A2000F09EF80021BDE81040084600F000
:101CE00098B8000010B50421022000F0D8F80022B6
:101CF0005821104600F0A0F80120FFF781FF0122D3
:101D00000C21104600F098F800F040F80521022060
:101D100000F0C5F8FF21012000F0C1F801490520BD
:101D2000C87010BDC403002010B50421022000F0CB
:101D3000B6F800F011F80F225821002000F07CF8CE
:101D400001490420C87010BDC403002008224F219F
:101D50000020FFF7D0BD000010B5FFF7F7FFFFF739
:101D6000B5FF0648C07C012806D108222421BDE821
:101D70001040032000F060B810BD0000E82F0020E4
:101D800008224F210020FFF7D3BE0000074810B5FE
:101D9000C07C012804D100222421032000F04CF84B
:101DA000FFF7EEFFBDE8104000F00DB8E82F00206F
:101DB00010B50021084600F02CF80121BDE81040C4
:101DC0000A2000F026B810B500210A2000F021F802
:101DD0000121BDE81040002000F01BB870B50C4692
:101DE00005460421022000F05AF80020FFF708FF02
:101DF00022460C21012000F01FF8FFF7C7FF052045
:101E0000FFF7C8FE22462946BDE87040012000F0D9
:101E100058B810B50123082804D283400A46DBB223
:101E2000672104E0083883400A46DBB268210020BD
:101E300000F00DF8002010BD70B514460D46FFF7F8
:101E400069FE2146284600F02AF8002070BD2DE9E1
:101E5000F041074614460E461D46184601F0FEF8AE
:101E60008440E4B22C403846FFF754FE3046FFF77A
:101E70001AFDA84340EA0401304600F010F80020A3
:101E8000BDE8F08170B51C4615460E46FFF742FED0
:101E9000224629463046BDE8704000F012B870B5C1
:101EA0000C46054603F018FD012000EB4500C0B2CA
:101EB00005F044FB204605F041FB03F007FD002040
:101EC00070BD70B515460E46044603F005FD0120B1
:101ED00000EB4400C0B205F031FB002404E0305DAB
:101EE00005F02CFB641CE4B2AC42F8D3BDE87040B2
:101EF00003F0ECBC70B501212D4803F056FB01281E
:101F000054D1FFF7B2FB044601462AA001F066F85F
:101F1000E0074FF0010608D0FFF71EFF0120FFF792
:101F200037FB284824F001040670274D200712D5FE
:101F3000FFF7AAFB85F81201FFF79FFB85F8110157
:101F4000681CFFF7F8FB28700820FFF721FB1F48EB
:101F500024F008040670600611D56E210020FFF7FA
:101F60008CFC014695F800012A18401C85F80001F8
:101F700082F801114020FFF70BFB24F040046007BA
:101F800006D50420FFF704FB114824F00404067072
:101F9000A00704D524F002040220FFF7F9FA002C70
:101FA00004D02046BDE87040FFF7F2BA70BD0000D3
:101FB000000C0140466C6167733A30782530325826
:101FC0000D0A0000B4030020D42E0020B503002029
:101FD000B603002000220E49072818D2DFE800F0DF
:101FE000041707170E0B13000A70012009E00220E6
:101FF0000870042005E00A70052002E00420087043
:102000000620FFF781BD06200870FFF76BBE704702
:10201000AC030020002801DA002002E0142800DDD3
:1020200014200249085CFFF7F1BD00003098000859
:102030007047000010B500234FF480621946034832
:102040004FF0FF3002490120087010BDC803002086
:102050006403002070B50E4C4FF0FF35207808B9AE
:10206000FFF7E8FFA168002000290EDD094962683A
:102070008D5C6168491C61606168B1F5007F00D1C9
:102080006060A068401EA06000E06060284670BDEF
:10209000640300204006002070B5074C05462078F8
:1020A00008B9FFF7C7FF054861884554491CC1F3CB
:1020B0000A006080284670BD6403002040080020AC
:1020C00010B54FF4806120B1FF220548FEF78EF86D
:1020D00002E00348FEF791F8BDE8104000F014B8A4
:1020E000FC2F0020044A00284FF04001104601D088
:1020F00003F0C8B903F0C4B9000C01402021014825
:1021000003F0C0B9000C014070B5114E002400BFAF
:1021100004F1B000C0B2002100F0BAF80021084676
:1021200000F0B6F80021102000F0B2F85FF00005D2
:1021300005EBC4100121305C00F0AAF86D1CEDB273
:10214000802DF5D3641CE4B2082CE1D370BD0000EF
:10215000FC2F002010B500F0ADF80A2002F0ACFF13
:1021600000F066F80021AE2000F092F80021084649
:1021700000F08EF80021102000F08AF800214020A5
:1021800000F086F80021B02000F082F800218120C4
:1021900000F07EF80021FF2000F07AF80021A12055
:1021A00000F076F80021A62000F072F80021A820A7
:1021B00000F06EF800213F2000F06AF80021C820EE
:1021C00000F066F80021D32000F062F800210846F4
:1021D00000F05EF80021D52000F05AF800218020A0
:1021E00000F056F80021D92000F052F80021F1202B
:1021F00000F04EF80021DA2000F04AF80021122009
:1022000000F046F80021DB2000F042F800213020E9
:1022100000F03EF800218D2000F03AF80021142053
:1022200000F036F80021BDE81040AF2000F030B8D3
:1022300010B50A4C8021204603F024F9642002F0F6
:102240003BFF8021204603F01BF9642002F034FF9D
:102250002046BDE81040802103F014B9000C014075
:102260002021014803F00CB9000C014030B501F009
:1022700007050123AB40054CC90800EBC111605CA8
:102280000AB1184300E09843605430BDFC2F002091
:1022900010B5044609B1012000E00020FFF722FF3D
:1022A000FFF7DEFF204605F049F9BDE81040FFF7D3
:1022B00025BF00001CB5684603F0E6F810208DF835
:1022C00006002020009000208DF804000320104C10
:1022D0008DF807006946204603F010F920212046BA
:1022E00003F0D0F8802000906946204603F006F9FC
:1022F0008021204603F0C6F8402000906946204621
:1023000003F0FCF84021204603F0BAF81CBD0000A1
:10231000000C01407047F8B50027DDE90754069E20
:102320008DF8007010B101208DF8000029B19DF8E2
:10233000000040F002008DF800002AB19DF8000076
:1023400040F004008DF800002BB19DF8000040F033
:1023500008008DF800002EB19DF8000040F010003C
:102360008DF800002DB19DF8000040F020008DF8A0
:1023700000002CB19DF8000040F040008DF80000F6
:1023800001226946892000F01AFBF8BD0A480B4972
:102390004FF47F738068B0FBF1F1994200D9194680
:1023A000C1F3870001EB41014A089A4200D91A465D
:1023B000C2F3870100F004B86C2E002040420F00E9
:1023C00008B502228DF800008DF8011069469820AA
:1023D00000F0F5FA08BD08B5010A8DF800108DF877
:1023E000010002226946104600F0E9FA08BD08B56E
:1023F00003226946122000F02EFA9DF802009DF893
:10240000011000EB012080B208BDF8B515460E465C
:1024100007461C4604226946142000F01CFA9DF869
:10242000000038709DF8010030709DF8020028808F
:102430009DF803002070F8BD08B5022269461520FA
:1024400000F009FA9DF8010008BDF8B514460D46E4
:10245000064603226946132000F0FDF99DF80000AE
:1024600030709DF8010028709DF802002070F8BDC2
:1024700040F6AC0208B1962100E09421104600F02D
:10248000BDBA2DE9FC4115460E4607461C460722FB
:102490006946102000F0DFF99DF8000038709DF8C3
:1024A00002009DF8011000EB012030809DF804002F
:1024B0009DF8031000EB012028809DF806009DF890
:1024C000051000EB01202080BDE8FC811CB5002038
:1024D000009006226946019000F071FA1CBD08B513
:1024E00002228DF800008DF8011069468F2000F05F
:1024F00066FA08BD10B500F00CFA0022BDE81040E5
:102500001146D12000F05BBA08B500218DF800100B
:1025100010B101208DF80000012269469D2000F0D5
:102520004EFA08BD08B5B1F1807F8DF8000001D3E7
:102530006FF07F41080C8DF80100080A8DF8020049
:102540008DF8031004226946972000F038FA08BD80
:102550001CB5040A8DF800408DF80100080A8DF8BA
:102560000200100A8DF804008DF80520180A8DF875
:1025700006008DF8031008228DF8073069461046D2
:1025800000F01DFA1CBD00221146C12000F017BA50
:1025900038B50446052901D2052102E00C2900D9ED
:1025A0000C218DF800108DF801408DF802208DF877
:1025B0000330042269468B2000F001FA40F68905B9
:1025C000284600F063F9062C05D040F004012846A7
:1025D00000F014FA38BD00F0FB01F8E77CB5069C6A
:1025E00000B90120050A8DF800508DF80100012086
:1025F000002512B18DF8020001E08DF802508DF82F
:10260000031013B18DF8040001E08DF8045014B1EB
:102610008DF8050001E08DF80550062269468C20F2
:1026200000F0CDF940F23675284600F02FF914B1CC
:1026300000F0FB0101E040F00401284600F0DEF963
:102640007CBD08B507298DF8000000D907218DF859
:102650000110012012B18DF8020002E000218DF876
:1026600002108DF8030004226946952000F0A7F9B6
:1026700008BD01B5012269468A2000F0A0F908BD15
:1026800001B59DF8000010B101208DF80000012275
:102690006946962000F093F908BD08B5010E8DF843
:1026A0000010010C8DF80110010A8DF802108DF850
:1026B000030004226946862000F081F908BD38B580
:1026C000044600F025F9B4F1807F01D36FF07F4418
:1026D000200C8DF80000200A8DF801008DF80240D2
:1026E00003226946822000F06AF938BD08B500224D
:1026F0008DF8002010B101208DF8000029B19DF85F
:10270000000040F004008DF800000122694684209A
:1027100000F055F908BD01B59DF8000010B1012089
:102720008DF8000001226946802000F048F908BDBC
:1027300038B5044600F0EDF8B4F1807F01D36FF0B6
:102740007F44200C8DF80000200A8DF801008DF8E0
:10275000024003226946832000F031F938BD10B5EC
:1027600000F0D7F80022BDE810401146D22000F05A
:1027700026B9000038B5002207210420FFF761FFC9
:10278000382140F6E70000F039F90B48022269468B
:10279000007B8DF8000000208DF801008E2000F0F5
:1027A0000EF940F6D804204600F070F840F01E0103
:1027B000204600F023F938BD6C2E002010B500F043
:1027C000A9F8142002F084FCC02004F0B7FE002019
:1027D00004F0B4FE00F018F8BDE81040AFF300803C
:1027E00070B5074C074D04E00421284602F0DDFED9
:1027F00018B12046641EF7D270BD012070BD0000E4
:1028000040420F00000801400821014802F03ABE92
:102810000008014070B515460E460446FFF7E0FF7C
:1028200000F078F81E2004F089FE204604F086FEB1
:10283000FF2004F083FE002405E0FF2000F0A0F854
:102840003055641CE4B2AC42F7D3FFF7DDFFBDE8BE
:102850007040FFF7C5BF70B515460E460446FFF73A
:10286000BFFF00F057F8204604F068FE002405E0A2
:10287000FF2000F085F83055641CE4B2AC42F7D379
:10288000FFF7C2FFBDE87040FFF7AABF08B50122FD
:10289000694600F003F89DF8000008BD2DE9F041FD
:1028A00015460E46070AC4B2FFF79AFF00F032F849
:1028B0001D2004F043FE384604F040FE204604F09C
:1028C0003DFEFF2004F03AFE002405E0FF2000F06A
:1028D00057F83055641CA4B2AC42F7D3FFF794FF0D
:1028E000BDE8F041FFF77CBF10B5084C1021204631
:1028F00002F0C6FD322002F0EBFB1021204602F070
:10290000C1FDBDE81040322002F0E2BB000C0140E6
:10291000704770470821014802F0B2BD000801402D
:10292000024616496FF07F40082A1BD2DFE802F00A
:1029300004090D121A161E22002008700146FFF726
:10294000D5BE01200870002002E00220087001209E
:10295000FFF7E1BE03200870FFF715BE05220A70DD
:10296000FFF7E6BE04220A70FFF7A9BE0620087032
:10297000FFF7C0BD07200870FFF7F1BEAC030020D1
:1029800004F0DCBD70B515460E460446FFF728FF7F
:10299000FFF7C0FF0E2004F0D1FD204604F0CEFD6D
:1029A000002404E0305D04F0C9FD641CA4B2AC4214
:1029B000F8D3FFF729FFBDE87040FFF711BF2DE9FD
:1029C000F04116460F460546FFF70AFFFFF7A2FF44
:1029D000284604F0B3FD002404E0385D04F0AEFDA9
:1029E000641CE4B2B442F8D3FFF70EFF842D03D089
:1029F000BDE8F041FFF7F4BEBDE8F08113B5012258
:102A000001A900F001F81CBD2DE9F04115460E4664
:102A1000C4B2070AFFF7E4FEFFF77CFF0D2004F0C5
:102A20008DFD384604F08AFD204604F087FD002421
:102A300004E0305D04F082FD641CE4B2AC42F8D3E3
:102A4000FFF7E2FEBDE8F041FFF7CABE08B5010A94
:102A50008DF800108DF8010002226946972000F0E1
:102A6000E0F908BD08B503226946152000F039F9E0
:102A70009DF802009DF8011000EB012080B208BD16
:102A8000062201461D2000F02CB908B50222694635
:102A90001F2000F026F99DF8010008BD38B50C464E
:102AA000054603226946172000F01BF99DF8010036
:102AB00028709DF80200207038BD7CB505460C4694
:102AC0006846FFF7DDFF9DF8010028709DF80200C1
:102AD00020807CBD00F045B81CB58DF80000049C3A
:102AE0008DF8044000208DF801108DF806008DF857
:102AF00002208DF805008DF80330684600F043F899
:102B00001CBD08B502228DF800008DF80110694641
:102B10008F2000F086F908BD00221146D12000F078
:102B200080B91CB5040A8DF800408DF80100080A30
:102B30008DF80200100A8DF804008DF80520180A9F
:102B40008DF806008DF803108DF8073008226946CD
:102B50008D2000F066F91CBD00221146C12000F056
:102B600060B908B58DF800008DF801108DF80220CD
:102B7000032269468B2000F054F908BD002211465B
:102B8000D22000F04EB9072201468C2000F049B94E
:102B900001B59DF80000042802D904208DF800003A
:102BA000012269468A2000F03CF908BD01B50122E6
:102BB0009DF80000694600F001008DF800009620A5
:102BC00000F02FF908BD08B5010C8DF80010010ABE
:102BD0008DF801108DF8020003226946862000F06E
:102BE00020F908BD08B503228DF80000080A8DF809
:102BF00001008DF802106946822000F012F908BD2C
:102C000008B500218DF8001010B101208DF80000EA
:102C100001226946842000F004F908BD08B50021AE
:102C20008DF8001010B101208DF8000001226946D6
:102C3000802000F0F6F808BD08B503228DF80000EA
:102C4000080A8DF801008DF802106946832000F013
:102C5000E8F808BD08B502228DF800008DF80110D3
:102C600069468E2000F0DDF808BD000070B5074C05
:102C7000074D04E00421284602F097FC18B12046D5
:102C8000641EF7D270BD012070BD000040420F00ED
:102C9000000801400821014802F0F4BB000801408F
:102CA00070B515460E460446FFF7E0FF00F062F8E7
:102CB0001B2004F043FC204604F040FCFF2004F0FD
:102CC0003DFC002405E0FF2000F08CF83055641C2A
:102CD000A4B2AC42F7D3FFF7DDFFBDE87040FFF7C9
:102CE000C5BF70B515460E460446FFF7BFFF00F09E
:102CF00041F8204604F022FC002405E0FF2000F00B
:102D000071F83055641CE4B2AC42F7D3FFF7C2FF50
:102D1000BDE87040FFF7AABF08B50122694600F080
:102D200003F89DF8000008BD2DE9F04115460E4658
:102D3000070AC4B2FFF79AFF00F01CF8192004F04C
:102D4000FDFB384604F0FAFB204604F0F7FBFF20B9
:102D500004F0F4FB002405E0FF2000F043F83055B8
:102D6000641CA4B2AC42F7D3FFF794FFBDE8F04176
:102D7000FFF77CBF0821014802F082BB0008014038
:102D8000174908281CD2DFE800F004080C111B15B5
:102D9000222600200870FFF733BF012008700020B2
:102DA00002E0022008700120FFF738BF03200870FE
:102DB000FFF7D2BE0520087000210846FFF73CBF90
:102DC000042008704FF6FF71FF20FFF70BBF0620AD
:102DD0000870FFF7A1BE07200870FFF7CFBE000004
:102DE000AC03002004F0AABB70B515460E4604469D
:102DF000FFF73CFFFFF7BEFF1A2004F09FFB2046C1
:102E000004F09CFB002404E0305D04F097FB641C9C
:102E1000A4B2AC42F8D3FFF73DFFBDE87040FFF726
:102E200025BF2DE9F04116460F460546FFF71EFF68
:102E3000FFF7A0FF284604F081FB002404E0385D82
:102E400004F07CFB641CE4B2B442F8D3FFF722FF29
:102E5000842D03D0BDE8F041FFF708BFBDE8F08145
:102E600013B5012201A900F001F81CBD2DE9F041C4
:102E700015460E46C4B2070AFFF7F8FEFFF77AFFC1
:102E8000182004F05BFB384604F058FB204604F0A1
:102E900055FB002404E0305D04F050FB641CE4B2F8
:102EA000AC42F8D3FFF7F6FEBDE8F041FFF7DEBE17
:102EB00070B5224A01241078D8B121480168491C14
:102EC000016001681F4B1B68994212D30021016009
:102ED0001D4803685B1C036003681C4805681C48A8
:102EE000AB4201D8047004E00170117019A000F029
:102EF00075F81B48007810B91A48007850B11A4884
:102F00000168491E0160016821B91849096801601A
:102F100017480470174C2068401E20602068012864
:102F200003D1C103144802F0ADFA2068002803D190
:102F300002F074FB6420206070BD00007803002064
:102F400084030020A803002080030020A4030020A5
:102F50007903002054583A20444F4E450D0A000092
:102F60007A0300207B0300209403002098030020B4
:102F70007C03002000000020000801401248016886
:102F800041F4700101601148016841F001010160E4
:102F900001688907FCD5416821F00301416041685F
:102FA00011F00C0FFBD10168094A114001600021AA
:102FB000416001634FF41F01816003494FF00060DD
:102FC000803908607047000088ED00E00010024082
:102FD000FFFFF2FE704706F0B3B9FEE70FB4054BF2
:102FE00010B503A9044A029800F016F910BC5DF868
:102FF00014FB000049530008C80300200FB4084B1D
:1030000010B504A902AA039800F006F9044602A923
:10301000002000F084FC204610BC5DF814FB00008A
:103020001F39000802480068C0F302207047000002
:103030000CED00E00907090E002804DB00F1E02098
:1030400080F80014704700F00F0000F1E02080F8D5
:10305000141D704700487047CC0300205FF000014A
:1030600020FA01F2D20701D0C8B27047491C0829E2
:10307000F6DB0020704702E008C8121F08C1002AD2
:10308000FAD170477047002001E001C1121F002AE9
:10309000FBD170472DE9FF5F82B00021DDE90430EC
:1030A000020DDDF840B0034318D044F61050A2F2F0
:1030B000FF3242431514119801281FD0A5EB0B00D5
:1030C000401C5FEA000A4FF000064E4FDFF83891CF
:1030D000B046504615D5CAF1000413E011980124FA
:1030E0004AA3012801D16FEA0B010298119AC0E9A5
:1030F0000031C0E9024206B0BDE8F09FCBF100000C
:10310000DFE704460021404A491842EB0450CDE96C
:10311000001012E0E00707D032463B4640464946E1
:10312000FDF7E9F98046894632463B461046194686
:10313000FDF7E1F906460F466410002CEAD1DDE9FF
:103140000401DDE90023BAF1000F06DAFDF7D3F937
:1031500042464B46FDF7CFF905E0FDF73EFA424601
:103160004B46FDF73AFA04460E460022284BFDF77F
:1031700095FC03D84FF0FF30014607E00022254BB5
:1031800020463146FDF710F9FDF76FFC102409E0E9
:10319000002C0ADB0A220023FDF718FB039B3032C8
:1031A0001A55641E50EA0102F2D1641C039AC4F15C
:1031B00011031444119A012A03D0012208430DD1AE
:1031C0000AE0084304D000204FF0110B119072E781
:1031D000A3EB0B056D1E0DE05B4504DD4FF0000217
:1031E00005F1010504E003DA4FF00002A5F1010545
:1031F000002AECD002981199C0E90231C0E90045DB
:1032000079E70000000014400000F03F30000000AB
:103210000000F0430000E03F2DE9FF4F95B09A46D3
:10322000884606460025EEE1252877D1002427466A
:10323000F94A0121039400E0044316F8013F203BC2
:1032400001FA03F01042F7D130782A2811D06FF03C
:103250002F033078A0F13002092A16D8039A44F0DF
:10326000020402EB820203EB42021044761C03903C
:10327000EFE758F8042B0392002A03DA504244F493
:103280000054039044F00204761C30782E2816D1A6
:1032900016F8010F44F004042A280DD06FF02F0215
:1032A0003078A0F13003092B09D807EB870302EB34
:1032B0004303C718761CF3E758F8047B761C307874
:1032C0006C280FD006DC4C2817D068280DD06A284F
:1032D00014D104E0742810D07A280FD10DE044F402
:1032E00000140AE044F4801401E044F440147278BD
:1032F000824202D104F58014761C761C3078662850
:103300000BD013DC582877D009DC002875D045286D
:10331000F6D04628F4D047281AD193E118E0632864
:1033200035D0642879D0652812D18BE1702873D00C
:1033300008DC6728F1D069286FD06E280DD06F287F
:1033400006D1ACE073282CD0752874D0782853D0DF
:103350005246179990476D1C54E1C4F3025002285D
:1033600009D003280DD0D8F8001004280DD00D6026
:1033700008F1040846E1D8F80010EA17C1E9005244
:10338000F6E7D8F800100D80F2E70D70F0E718F8B6
:10339000041B8DF8001000208DF80100EB46012081
:1033A00003E058F804BB4FF0FF3061074FF0000115
:1033B00002D40DE009F101018946B9420FDA8145D5
:1033C000F8DB1BF809100029F4D108E009F101012C
:1033D00089468142FADB1BF809100029F6D10398CF
:1033E0005346A0EB090721463846179A00F080FAA9
:1033F000284400EB090507E044E008E10DE01BF874
:10340000010B524617999047B9F10109F7D253467B
:1034100021463846179AF2E039E00A21C4F30252F5
:103420004FF0000B0091022A06D058F8040BC11788
:10343000032A09D00AE023E008F1070020F0070280
:10344000F2E80201904605E000B2C117042A01D15A
:1034500040B2C117002906DA0A460021404261EB5A
:1034600002012D2202E0220504D52B228DF8042032
:10347000012203E0E20701D02022F7E7914657E05E
:103480000A2100E010214FF0000B00910BE0102109
:103490004FF0000B44F004040827009103E00820DB
:1034A0004FF0000B0090C4F30252022A05D058F8E6
:1034B000040B0021032A08D008E008F1070020F0DF
:1034C0000702F2E80201904603E080B2042A00D12C
:1034D000C0B24FF0000922072AD53278702A07D0EF
:1034E000DDF800C08CF0100C5CEA0B0C05D00EE08F
:1034F00040228DF80420012208E050EA010306D0A2
:1035000030238DF804308DF8052002229146009B6F
:1035100083F0080353EA0B030AD150EA010201D1F8
:10352000620705D530228DF804204FF001097F1E77
:103530003278582A04D039A20C920CAA02920BE0DD
:103540003BA2F9E75B46009AFDF740F90C9B9B5CB8
:10355000029A521E0292137050EA0102F2D10298AE
:1035600004A9081A00F1200B600702D524F4803466
:1035700000E001275F4502DDA7EB0B0000E0002023
:1035800000EB0B01009003984944401A0390E003BC
:1035900006D453462146179A039800F0A9F905442A
:1035A000002706E001A85246C05D179990476D1CA0
:1035B0007F1C4F45F6DBE0030CD553462146179A96
:1035C000039800F095F9054404E03020524617991D
:1035D00090476D1C0099481E00900029F5DC08E01A
:1035E0000298029952460078491C02911799904717
:1035F0006D1CBBF10001ABF1010BF1DC5BE100F0F4
:1036000065F90544761C307800287FF40DAE19B0BA
:103610002846BDE8F08F0000092801003031323320
:1036200034353637383961626364656600000000FE
:1036300030313233343536373839414243444546E8
:1036400000000000600700D4062708F1070020F002
:103650000700F0E80223804603F0004C5FEA0C000C
:1036600001D097A009E0200501D596A005E0E0076C
:1036700001D095A001E0AFF24C001390307823F018
:10368000004365280CD006DC452809D046281DD00B
:1036900047287FD13BE0662818D067287AD136E0EA
:1036A0000021112F01DB112000E0781CCDE9000181
:1036B00004A90CA8FFF7EEFCDDE90D010C9A4FF010
:1036C000000B07F10109109200914EE04FF000400D
:1036D0000097CDE9011004A90CA8FFF7DBFCDDE998
:1036E0000D020C9B0F994FF0000B91461093009226
:1036F00011B9791C00EB0109B7EB090003D4C0F143
:10370000FF3B07F10109A9EB0700019042E0012FFF
:1037100000DA01270021112F01DD112000E03846D9
:10372000CDE9000104A90CA8FFF7B4FCDDE90D0107
:103730000C9A00914FF0000BB946109221070FD45C
:10374000009A4A4503DA914601E0A9F10109B9F16D
:10375000010F05DD109AA9F10101515C3029F4D067
:10376000B84202DA10F1040F03DA0121CDE90110A9
:1037700010E0002803DC8344A9EB000102E0411CB7
:10378000494500DD8946A0EB0B00401C01904FF03D
:1037900000400290200705D40198484502DB4FF015
:1037A000FF30019000208DF84B0002980DF14B077F
:1037B000B0F1004F25D002200C902B200D900298E4
:1037C00000280CDA404202902D200D9007E00A21DB
:1037D0000298FCF7E5FF3031029007F8011D0C99C3
:1037E000481E0C900029F2DC02980028EFD1791EC7
:1037F0000D980870307800F0200040F0450007F880
:10380000020D11A8C01BC01D02901398007800B1D2
:10381000012000EB0901019801EBE07102980144DD
:103820000398401A401E0390E00306D453462146F5
:10383000179A039800F05CF805441398007818B1C3
:103840005246179990476D1CE00323D553462146F5
:10385000179A039800F04CF805441BE0BBF1000FE9
:1038600007DB0098584504DD1098179910F80B00F5
:1038700001E0179930205246904701980BF1010B57
:10388000401E05F10105019004D12E2052461799E2
:1038900090476D1CB9F10001A9F10109DEDC05E0DA
:1038A00017F8010B5246179990476D1C0299481E54
:1038B00002900029F4DC53462146179A03989EE6AD
:1038C0002D0000002B000000200000002DE9F04139
:1038D000044600251E461746880404D405E03946F0
:1038E0002020B0476D1C641EF9D52846BDE8F08144
:1038F0002DE9F041044600251E469046C80301D537
:10390000302700E02027880404D505E041463846EA
:10391000B0476D1C641EF9D52846BDE8F0810A68E1
:10392000531C0B60107070470B78426863F30822D9
:1039300042604B78826863F3410282608B788268D0
:1039400063F3CB228260C978C26A491E61F31752C1
:10395000C262704700210170417081700121C17005
:103960007047816841F008018160704780680007F6
:1039700001D50120704700207047816841F00401A3
:10398000816070478068400701D5012070470020A2
:103990007047000002490A6860F313420A607047EA
:1039A00004240140826861F3000282607047012AAA
:1039B00005D0002A02D142688A43426070474268BB
:1039C0000A43FAE710B5114800F06CF8FCF774FEF2
:1039D0009FED0F1B53EC112BFCF78DFD9FED0E1B84
:1039E00053EC112BFCF787FD9FED0D1B53EC112BB6
:1039F000FCF7F3FDFCF7B8FE0B490860BDE810408A
:103A00004FF40041094801F03BBD00000024014093
:103A10000000000000C8E93F00000000000029404D
:103A20000000000000408F4004000020000801401A
:103A300070B507240A2908D2056901EB4106B44094
:103A4000A543B3402B43036109E0C568A1F10A0611
:103A500006EB4606B440A543B3402B43C3601F2387
:103A60000D2A09D3C46A0D3A02EB820293409C43AB
:103A700091402143C16270BD072A09D3046BD21F54
:103A800002EB820293409C4391402143016370BD4D
:103A9000446B521E02EB820293409C4391402143AF
:103AA000416370BDC06C80B2704701F00703072905
:103AB000816802D941F0007101E021F0007181605C
:103AC000816863F353418160816862F314518160BE
:103AD0007047426861F3CB2242607047826861F3AD
:103AE00096528260704700000B4910B5884202D19F
:103AF00001210A4C05E00A4988420BD1074C0121FB
:103B0000641C204601F0E4F92046BDE81040002185
:103B100001F0DEB910BD00000024014009000C00D6
:103B20000028014004490A6822F478620A600A68A1
:103B300002430A60704700002C6C00400149D1E943
:103B400000017047E8F7FF1F642001F0B5FABFF3EA
:103B50004F8F05480168054A01F4E0611143016097
:103B6000BFF34F8F00BFFDE70CED00E00400FA0546
:103B700031B1012906D0022906D104A0FFF72EBADF
:103B800007A0FBE70BA0F9E770470000494E56413C
:103B90004C494420415247554D454E540D0A0000B2
:103BA000494E56414C494420434F4D4D414E440DE2
:103BB0000A000000544F4F204D414E5920415247BA
:103BC000554D454E54530D0A000000000022114689
:103BD000FCF779BB00221146FCF7ADBB40B139B10F
:103BE00040F8081B00210EC000F8101C0846704762
:103BF000012070472DE9F041002705463E46044666
:103C000012E000BFFCF716FB8046686808B1FCF7BD
:103C100011FBA96839B14146474500DC0F46864291
:103C200000DD30460646103515B128680028E9D178
:103C300019A0FFF7D3F92048FFF7D0F920E0A068DA
:103C40001EA538B30A4679421DA0FFF7C7F9606880
:103C500018B1FCF7EFFA00B1656871422A4619A065
:103C6000FFF7BCF9E06838B1FCF7E4FA20B117A01F
:103C7000D4F80C10FFF7B2F90EA0FFF7AFF910342B
:103C800014B121680029DAD10AA0FFF7A7F90120B1
:103C9000BDE8F0810EA0EDE73C636F6D6D616E6471
:103CA0003E203C617267733E203C68656C702074F6
:103CB0006578743E0D0A0000B4A100080000000001
:103CC000252A730020252A73000000002025730098
:103CD000202D2D2D202573202D2D2D002DE9F04197
:103CE000164604004FF0000708D039B1A568E26815
:103CF000A819904205D3B81EBDE8F0814FF0FF30FF
:103D0000FAE7206832462844FCF750FAA0683044AD
:103D10000026A0601DE02168485D0A2801D00D281A
:103D200016D1804600204855B54204D0206881193C
:103D3000206902F06BF8B8F10A0F04D120790D2840
:103D400001D1B54201D07F1C7FB26E1C84F8048083
:103D50006D1CA068A842DED82EB1821BA26020682C
:103D60008119FCF723FA3846C6E770B500250446EA
:103D7000822104F0FBFA8121204604F0F7FA0121A8
:103D8000204604F0F3FA284670BD70B5416800265D
:103D900005464C6A314604F0FDFC94F84C1020298D
:103DA00005D183B204F14402284603F0F6FF304601
:103DB00070BD00207047002070474068416A0020B5
:103DC000012281F85220704770B5054640680823EB
:103DD0000322446A8221284604F00EFB402302227B
:103DE0008121284604F008FB4023022201212846B5
:103DF00004F002FB4023221D0121284604F01CFB95
:103E0000012084F85200002084F85300054944F84A
:103E10003C0B0A68A2618A79A2770A7922774979EC
:103E2000617770BD1C00002070B542680025546A9F
:103E300004F0B0FC24F8500F0120E070284670BD5B
:103E40002DE9F0410C46416822780026496A054672
:103E500012F060031BD0202B27D1E388FBB11206A0
:103E60000AD594F801C001F144021746614603F0F7
:103E700094FFE28839461EE0607881F84C00E288C1
:103E8000A1F84E202846443104F010F90FE0607884
:103E9000062809D004DC012809D0032804D106E053
:103EA0000A2807D00B280AD0284604F029F9304602
:103EB000BDE8F0810122284604F00EF9F7E760889A
:103EC0000860F4E70020704710B507A0FFF786F8F8
:103ED00002F02AF818B1BDE8104001F03BBFBDE880
:103EE000104004A0FFF77AB8434C525F535441543A
:103EF000533A20004F4B0D0A00000000F8B50C4665
:103F00004868FFF767FE0646A068FFF763FE0546B0
:103F10000AA0FFF763F834460DE06946204602F038
:103F2000FDFC10B101F016FFF8BD214607A0009A74
:103F3000FFF754F8641CAC42EFD9F8BD44554D501E
:103F40005F524547533A0D0A00000000307825586B
:103F50002C307825580D0A0038B5684602F04AF929
:103F6000044609A0FFF73AF81CB1204601F0F2FE22
:103F700038BD0098FCF7E5FB41EC100B05A053ECB5
:103F8000102BFFF72BF838BD4745545F5253534968
:103F90003A200000252E31662064426D0D0A000093
:103FA00000B585B00DA0FFF719F804AB03AA02A96C
:103FB00001A801F0D7FF18B101F0CCFE05B000BD9B
:103FC0009DF8100000909DF80C309DF808209DF899
:103FD000041005A0FFF702F8F0E700004745545F22
:103FE000434849503A20000025642C25642C256460
:103FF0002C25640D0A0D0A000248416802A0FEF754
:10400000EDBF00006C2E00204745545F44455649E3
:10401000443A203078253038580D0A00044880682A
:104020004FF47A71B0FBF1F102A0FEF7D7BF0000A8
:104030006C2E00204745545F465245513A20257565
:104040000D0A00001FB51DA0FEF7C8FF03AB01AAB3
:1040500002A9684601F0C6FF10B101F07BFE1FBD4A
:104060001A4CBDF800101AA0627BFEF7B7FF1DA026
:10407000FEF7B4FF9DF8040005281AD2DFE800F02F
:1040800003051315170018A000E019A0FEF7A6FFFE
:1040900019A0FEF7A3FF207C01280CD012A000BFBE
:1040A000FEF79CFF1FBD16A0F0E717A0EEE718A0D3
:1040B000ECE719A0EAE71BA0F2E700004745545FD0
:1040C0004D4F44504152414D533A20006C2E002038
:1040D0000D0A42573D25750D0A53463D25640D0ACC
:1040E0000000000043523A004F46460D0A0000000F
:1040F000345F350D0A0000004C44524F50543A00D2
:10410000345F360D0A000000345F370D0A000000EE
:10411000345F380D0A000000494E56414C49440DA9
:104120000A0000004F4E0D0A0000000010B5144CAC
:1041300014A0E37DA28A618AFEF750FFA07D0128CA
:1041400017D020A0FEF74AFF21A0FEF747FF207EF0
:10415000012810D020A000BFFEF740FF20A0FEF7EE
:104160003DFF607E012808D01BA0BDE81040FEF78F
:1041700035BF1EA0E6E720A0EEE71FA0F5E7000090
:104180006C2E00204745545F5041434B45545041ED
:1041900052414D533A0D0A53594E433D3078253024
:1041A00034582C5052455F4C454E3D25640D0A5005
:1041B00041595F4C454E3D25640D0A4845414445F3
:1041C000523A00004558504C494349540D0A0000EA
:1041D0004352433A000000004F46460D0A000000DB
:1041E000494E5645525449513A000000494D504CF1
:1041F000494349540D0A00004F4E0D0A00000000CB
:10420000024890F90C1002A0FEF7E8BE6C2E0020C8
:104210004745545F504F5745523A20256420644229
:104220006D0D0A001CB50AA0FEF7D8FE684602F024
:1042300015F810B101F08EFD1CBDBDF80430BDF8BD
:104240000220BDF8001005A0FEF7C8FE1CBD00004E
:104250004745545F53544154533A2000504B543D0A
:1042600025642C464552523D25642C484552523D0A
:1042700025640D0A000000001CB509A0FEF7AEFE83
:1042800001A9684601F088FE10B101F063FD1CBD74
:104290009DF804209DF8001005A0FEF79FFE1CBDB0
:1042A0004745545F5354415455533A200000000091
:1042B0003078253032582C3078253032580D0A00AD
:1042C00010B506480068FCF73CFA41EC100BBDE85D
:1042D000104053EC102B02A0FEF780BE040000201B
:1042E0004745545F564241543A20252E32660D0A06
:1042F0000000000001230022194601A0FEF76EBE57
:104300004745545F56455253494F4E3A2048573D12
:1043100025642C46573D25642E25640D0A000000B7
:1043200038B5684601F0C4FF044607A0FEF756FE04
:104330001CB1204601F00EFD38BD9DF8001006A00E
:10434000FEF74CFE38BD00004745545F584F5452AD
:10435000494D3A200000000025640D0A00000000CD
:1043600010B5FFF7EBFB0246BDE810400B4601A07D
:10437000FEF734BE4745545F5549443A203078250E
:104380006C6C580D0A0000000449034B4FF4807216
:10439000A1F11400FFF722BC140100204005002009
:1043A00070B50C460BA0FEF719FEA068FFF712FCD3
:1043B000C5B26068FFF70EFC80B2294602F060F9D2
:1043C00018B1BDE8704001F0C5BCBDE8704005A063
:1043D000FEF704BE494E49545F434F4E4649473AA3
:1043E000200000004F4B0D0A0000000070B50C4685
:1043F0004868FFF7EFFBC6B2032E00D90326A0687A
:10440000FFF7E8FBC5B2E068FFF7E4FBC4B27E2D1E
:1044100000D97E257F2C00D97F24AC4201D8681CAE
:10442000C4B211A0FEF7DAFD13480088A0F5306190
:10443000D53904D0BDE87040012001F08BBC641C6C
:104440000BE029463046FDF718FA03462A46314666
:104450000AA0FEF7C3FD6D1CEDB2A542F1D3BDE885
:1044600070400BA0FEF7BABD50414E5F44554D5011
:10447000524547533A2000006C2E00200D0A256457
:104480002C3078253032582C3078253032580000C6
:104490000D0A000070B50D464868FFF79BFBC4B2DB
:1044A000032C00D90324A868FFF794FBC5B20DA024
:1044B000FEF794FD0F480088A0F53061D53904D08F
:1044C000BDE87040012001F045BC29462046FDF7BB
:1044D000D4F92A462146BDE87040034606A0FEF7FF
:1044E0007DBD000050414E5F524541445245473A20
:1044F000200000006C2E002025642C3078253032FE
:10450000582C3078253032580D0A000070B50D4611
:104510004868FFF75FFBC4B2032C00D90324A868E6
:10452000FFF758FBC6B2E868FFF754FBC5B20DA011
:10453000FEF754FD0F480088A0F53061D53904D04E
:10454000BDE87040012001F005BC2A4631462046F6
:10455000FDF772FC2B4632462146BDE8704006A0AE
:10456000FEF73CBD50414E5F5752495445524547B6
:104570003A2000006C2E002025642C307825303243
:10458000582C3078253032580D0A000008B5FDF758
:1045900061FD10F0FF008DF8000006D0FF2804D068
:1045A000012269460148FFF799FB08BD2C05002050
:1045B00010B507A0FEF712FD01F0A0FE18B1BDE88E
:1045C000104001F0C7BBBDE8104005A0FEF706BDD6
:1045D000524144494F5F494E49543A20000000007F
:1045E0004F4B0D0A0000000038B54868FFF7F2FA9B
:1045F000044608A0FEF7F2FC6946204602F08EF958
:1046000010B101F0A7FB38BD214605A0009AFEF7C6
:10461000E5FC38BD524541445F5245473A20000011
:10462000307825582C307825580D0A0010B503A095
:10463000FEF7D4FCBDE81040FFF786BA524553455B
:10464000543A204F4B0D0A0070B50D464868FFF7ED
:10465000C1FA0F4C2060206808B901202060A868CA
:10466000FFF7B8FA0B4E3060E868FFF7B3FA0A4973
:1046700008603068642801D26420306002F0CEFD0A
:1046800032682168BDE8704004A0FEF7A7BC0000B6
:10469000A4030020A8030020A0030020535441528B
:1046A000545F54583A2025642C25640D0A000000FC
:1046B00010B54868FFF78EFA044C606004F05AFEAB
:1046C0006168BDE8104002A0FEF788BC6C2E002097
:1046D0005345545F44455649443A20307825303894
:1046E000580D0A0070B50C464868FFF773FA0F4D75
:1046F0004FF47A714843A8606068FFF76BFA02F0E4
:1047000011FAC4B20AA0FEF769FC24B160B2BDE898
:10471000704001F01FBBA8684FF47A71B0FBF1F153
:10472000BDE8704005A0FEF759BC00006C2E0020CB
:104730005345545F465245513A20000025750D0AF5
:10474000000000002DE9F0410C464868FFF742FAEE
:1047500087B2A068FFF73EFAC6B2E068FFF73AFA00
:10476000C5B22069FFF736FAC4B21EA0FEF736FCC8
:1047700023462A463146384602F0BEFA18B1BDE853
:10478000F04101F0E7BA1B4C1B49A07B627B31F87A
:1047900010101AA0FEF722FC1DA0FEF71FFCE07B04
:1047A00005281AD2DFE800F003051315170019A039
:1047B00000E01AA0FEF712FC1AA0FEF70FFC207C06
:1047C00001280CD013A0BDE8F041FEF707BC17A0EC
:1047D000F0E718A0EEE719A0ECE71AA0EAE71CA0A2
:1047E000F1E700005345545F4D4F44504152414D55
:1047F000533A20006C2E0020269400080D0A4257E0
:104800003D25750D0A53463D25640D0A0000000044
:1048100043523A004F46460D0A000000345F350D02
:104820000A0000004C44524F50543A00345F360D99
:104830000A000000345F370D0A000000345F380DB5
:104840000A000000494E56414C49440D0A00000040
:104850004F4E0D0A0000000010B54868FFF7BAF986
:10486000C4B209A0FEF7BAFB0A48007802F096FB32
:1048700040B218B1BDE8104001F06CBA2146BDE865
:10488000104005A0FEF7AABB5345545F4F504D4F53
:1048900044452000AC03002025640D0A0D0A0000E9
:1048A0002DE9FC470C464868FFF794F91FFA80F998
:1048B000A068FFF78FF91FFA80F8E068FFF78AF920
:1048C000C7B22069FFF786F9C5B2012D00D90125CD
:1048D0006069FFF77FF9C6B2012E00D90125A069F2
:1048E000FFF778F9C0B2012800D90125CDE90060B1
:1048F0002B463A464146484602F07AFB044619A048
:10490000FEF76CFB24B12046BDE8FC4701F022BA5B
:10491000194C1AA0E37DA28A618AFEF75FFBA07D95
:10492000012818D021A000BFFEF758FB22A0FEF7F7
:1049300055FB207E012810D021A000BFFEF74EFBC2
:1049400021A0FEF74BFB607E012808D01CA0BDE82B
:10495000FC47FEF743BB1FA0E6E721A0EEE720A03F
:10496000F5E700005345545F5041434B45545041D7
:1049700052414D533A2000006C2E00200D0A53592D
:104980004E433D3078253034582C5052455F4C45CD
:104990004E3D25640D0A5041595F4C454E3D2564FE
:1049A0000D0A4845414445523A0000004558504CD4
:1049B000494349540D0A00004352433A00000000A5
:1049C0004F46460D0A000000494E56455254495183
:1049D0003A000000494D504C494349540D0A00002B
:1049E0004F4E0D0A0000000010B54868FFF7EEF8C2
:1049F00040B202F013F9C4B208A0FEF7EFFA24B1F6
:104A000060B2BDE8104001F0A5B9074890F90C105C
:104A1000BDE8104005A0FEF7E1BA00005345545F21
:104A2000504F5745523A20006C2E002025642064D8
:104A3000426D0D0A0000000070B54868FFF7CAF823
:104A4000C4B2204602F0B0FB054607A0FEF7C6FA46
:104A500025B12846BDE8704001F07CB92146BDE88B
:104A6000704005A0FEF7BABA5345545F584F5452F0
:104A7000494D3A200000000025640D0A00000000A6
:104A80000548017829B1002101700448017004A093
:104A900000E007A0FEF7A2BA780300207903002007
:104AA00053544F505F54583A204F4B0D0A000000AA
:104AB00053544F505F54583A204552524F520D0AAA
:104AC0000000000010B508A0FEF788FA04F052FCC0
:104AD00020B1BDE8104040B201F03CB9BDE8104043
:104AE00005A0FEF77BBA000053544F52455F434F79
:104AF0004E4649473A2000004F4B0D0A0000000087
:104B00002DE9F0410C462DED028B4868FFF762F865
:104B10008046A068FFF75EF80746E068FFF75AF89E
:104B200006462069FFF756F805466069FFF74EF81C
:104B300000EE100A11A0B8EEC08AFEF74FFAB0EEF0
:104B4000480A2B4632463946404601F059FF28B103
:104B5000BDEC028BBDE8F04101F0FCB80A480078DA
:104B600040B102F0E3FC09A0BDEC028BBDE8F041CE
:104B7000FEF734BA02F0D2FC06A0F5E753574545DC
:104B8000505F52583A2000007B030020535441529A
:104B9000540D0A0053544F500D0A00002DE9F843FC
:104BA0000C464868FFF716F88046A068FFF712F831
:104BB0000746E068FFF70EF806462069FFF70AF897
:104BC00005466069FFF706F8C4B20EA0FEF706FAC4
:104BD0002B46324639464046009402F07DFB18B120
:104BE000BDE8F84301F0B6B80948007830B102F0EA
:104BF000C3FD08A0BDE8F843FEF7F0B902F0B4FD2C
:104C000006A0F7E753574545505F54583A20000037
:104C10007D03002053544152540D0A0053544F5009
:104C20000D0A000010B50C460EA0FEF7D7F960681B
:104C3000FEF7D0FFC0B202F0FBFA18B1BDE8104099
:104C400001F088B80A480078012803D0022803D070
:104C500008A002E009A000E00AA0BDE81040FEF7AD
:104C6000BDB9000054585F53545245414D3A20009D
:104C70007D0300204F46460D0A00000043570D0AF1
:104C800000000000505245414D424C450D0A0000C5
:104C900070B50C464868FEF79DFF0546A068FEF714
:104CA00099FF044609A0FEF799F92146284602F02B
:104CB00055FB18B1BDE8704001F04CB822462946BA
:104CC000BDE8704004A0FEF789B90000575249546E
:104CD000455F5245473A2000307825582C307825DA
:104CE000580D0A0005494A6860F38F324A6082080D
:104CF000486862F31C704860704700000010024072
:104D000002494A6860F307124A6070470010024087
:104D100002494A6860F30A224A6070470010024064
:104D200002494A6860F3CD224A6070470010024091
:104D30000F4A052810D2DFE800F003070B1015001A
:104D4000106861F3000006E0106861F3104002E0B3
:104D5000106861F3186010607047106A61F300001A
:104D600010627047506A61F30000506270470000A3
:104D70000010024010B5034600F032F9294A2A49D2
:104D800020B101280BD0022809D130E0486D800500
:104D900005D5086B800102D52448186000E01A6030
:104DA0004868234AC0F30310125C1868D04058606A
:104DB0004A681F4CC2F30222183CA25C20FA02F29D
:104DC000DA604A680834C2F3C222A25CD04098601C
:104DD0004A684968C2F30072C1F3813141EA820135
:104DE00004F10802515CB0FBF1F0186110BD486895
:104DF000C0F300444868C0F383424868C0F3417080
:104E000040B90F2A06D0921C14B14868800305D51A
:104E1000084804E002EB0012521CF5E70148424347
:104E2000BDE7000000127A0000100240006CDC02B6
:104E3000FC93000800093D000146002001F01F031B
:104E400001229A40034B03EB114109688A4300D1C8
:104E5000012070470010024030B500244FF4405547
:104E600000E0641C1120FFF7E7FF012801D0AC42ED
:104E7000F7D31120FFF7E0FF012800D0002030BD5C
:104E800002490A6B60F359620A63704700100240DE
:104E900000B503460120FFF7F3FF0348416D63F3BC
:104EA0004921416500BD00000010024010B5074CCB
:104EB00000F01F0301229A4004EB10400129016811
:104EC00002D09143016010BD1143FBE70010024086
:104ED00010B5074C00F01F0301229A4004EB10406C
:104EE0000129016802D09143016010BD1143FBE725
:104EF0000010024010B5134BB8B15C6844F4803424
:104F00005C600128586819D040F400305860586837
:104F100061F3954058605868090961F35E70586004
:104F2000586862F3DF70586010BD586820F4803014
:104F30005860186B40F000701863E8E720F4003008
:104F4000E4E70000001002400D48016841F0010153
:104F5000016001688907FCD5416821F003014160C7
:104F6000416811F00C0FFBD10168064A1140016045
:104F70000021416001634FF41F0181607047000010
:104F800000100240FFFFF2FE02490A6A60F3CF32CE
:104F90000A6270470010024002490A6A60F309225F
:104FA0000A627047001002400C494A6860F301022F
:104FB0004A6000BF00BF00BF00BF00BF00BF00BF0E
:104FC00000BF00BF00BF00BF00BF00BF00BF00BFE9
:104FD00000BF00BF00BF00BF00BF7047001002400D
:104FE00002484068C0F38100704700000010024092
:104FF00005494A6860F397524A608208486862F33C
:10500000DB604860704700000010024010B50446A5
:10501000012801D1FFF73CFF0248416D64F30821EC
:10502000416510BD001002400249CA6D60F30002E4
:10503000CA6570470010024030B51C480178C2783C
:10504000437841EA02628178090441EA03210A4374
:1050500017490A600279C379447942EA0362837985
:105060001B0443EA04231A434A60027AC37A447A4F
:1050700042EA0362837A1B0443EA04231A438A60E8
:10508000027B0A73427B4A73827B8A73094BC27B21
:10509000CA731B780022103B05E084188D18247C0D
:1050A000521C2C74D2B29A42F7DB30BD6C2D00201A
:1050B00040190020B803002030B504464FF47A753B
:1050C00002E0284600F004F8641EFAD230BD000069
:1050D00070B54FF0E02500226C690B490B68002B7E
:1050E00010D009684843A969AB698B42FCD002D251
:1050F000A1EB030102E0A4EB030631440A44194684
:105100008242F1D370BD00000800002000214172EE
:10511000416001210172017070470000014908607F
:10512000704700001404014003490246002009684A
:10513000114200D0012070471404014010B5164BF5
:1051400041681A688A431A601A1D14688C431460F7
:10515000447A002C17D00478B4B113680B43136061
:105160000D4A083213688B431360131D1C688C436F
:105170001C60007A60B1012802D0106808431060FA
:1051800018680843186010BD1A680A431A60E7E7F8
:1051900010680843106010BD00040140044A012952
:1051A000116802D08143116070470143FBE70000A2
:1051B0000004014010B5134C4FF48012B0F1046F9D
:1051C00010D354F8903F43F0010323600180104650
:1051D00000F09CF80146206820F00100206000F0FB
:1051E00073F80CE0236943F001032361018010464A
:1051F00000F026F80146206920F0010020610846F1
:1052000010BD0000002002400248016941F0800109
:10521000016170470020024008490320CA68D20794
:1052200001D000207047CA68520701D5012070479D
:10523000C968C906FBD50220704700000020024063
:1052400000B50346FFF7E8FF03E000BFFFF7E4FF08
:105250005B1E18B1002B00D1042000BD002BF5D13E
:10526000FAE7000010B5174CB0F1046F15D354F8ED
:10527000901F41F0020121606060206840F0400012
:1052800020604FF0FF3000F041F80146206820F028
:105290000200206000F018F811E0216941F00201DD
:1052A00021616061206940F0400020614FF0804042
:1052B000FFF7C6FF0146206920F002002061084682
:1052C00010BD0000002002404FF00460006802485A
:1052D000006802480068704700104008002040083D
:1052E00009490320D1F88C20D20701D00020704753
:1052F000D1F88C20520701D501207047D1F88C10CD
:10530000C906FAD5022070470020024000B50346C6
:10531000FFF7E6FF03E000BFFFF7E2FF5B1E18B1F7
:10532000002B00D1042000BD002BF5D1FAE70000CE
:1053300003480249416003494160704723016745C2
:1053400000200240AB89EFCD10B50446C0B2FCF797
:10535000A3FE204610BD000010B5054905A003F0CE
:1053600061FB0A49088002484860084610BD0000F9
:105370002C0400205669727475616C20436F6D5067
:105380006F727420436F6E6669670000F000002042
:1053900000487047D800002000487047D000002027
:1053A00010B5054905A003F03DFB0B4908800248F4
:1053B0004860084610BD00002C0400205669727435
:1053C00075616C20436F6D506F727420496E746507
:1053D0007266616365000000F000002000487047BD
:1053E000E000002010B5054905A003F01BFB0649AD
:1053F000088002484860084610BD00002C040020C8
:105400004172746572790000F0000020002070473E
:1054100010B5054905A003F005FB0A4908800248BC
:105420004860084610BD00002C040020415433326F
:10543000205669727475616C20436F6D20506F72D5
:1054400074202000F0000020002070470A4810B5AA
:105450000168001D0468001D0068081809D00822B2
:10546000064903F09FF9054904221031204603F054
:1054700099F90248123810BDE8F7FF1FFA00002022
:1054800041617047016170474FF6FF710160002173
:1054900081710171042141710121C17170470000C6
:1054A0008A07130F10B50F229A408C08124900FA90
:1054B00003F00CD0012C11D0022C16D0032C05D1F6
:1054C0004B6993434B614A6902434A6110BD8B6843
:1054D00093438B608A6802438A6010BDCB68934314
:1054E000CB60CA680243CA6010BD0B6993430B616D
:1054F0000A6902430A6110BD00000140F0B50A8844
:1055000093B28A79032A43D0F2B30C79C97902F0B5
:10551000080204F00404224301F0030152EA0102EC
:1055200013F0FF0F4FF001054FF00F0415D00021CD
:1055300005FA01F61E420DD0D0F800C08F0004FA23
:1055400007F62CEA060CC0F800C0066802FA07F756
:105550003E430660491C0829EAD3FF2B17D91E0ACF
:105560005FF0000105FA01F333420BD047688B006E
:1055700004FA03FC27EA0C074760476802FA03F3C2
:105580001F434760491C00E004E00829EAD3F0BD4E
:105590000022C5E7497901F00F02182903D0282914
:1055A000BED14361BCE70361BAE7024600209268BE
:1055B000914300D10120704730B50D4AC0F3072454
:1055C00002EB1063C0F30742C5B2C4F12000841A95
:1055D0004FF0FF30A040E040D0401C689040844332
:1055E0001C60002902D095402C431C6030BD000097
:1055F0000000014081070CD16421B0FBF1F201FBF6
:10560000120141B94FF4C871B0FBF1F201FB120075
:1056100008B10020704701207047000010B54FF41A
:1056200000410448FFF72EFFBDE810400121024869
:10563000FEF754BA000801400024014008B503F009
:10564000E9FC03F025FC03F019FB03F0B9FB03F0C0
:1056500045FD03F043FB03F0BBFA03F061FD03F0EB
:105660007FFC03F051FC03F00FFB03F05DFE03F041
:1056700071FE03F09DFDFCF7DDFCFEF785FE02F0F8
:105680007BF801F053FF40F6B830FFF715FDFCF74B
:1056900061FD0020FCF714FD33A0FDF79FFC012302
:1056A0000022194635A0FDF799FC01F087FE384C21
:1056B0002088FF280CD137A0FDF790FC002140F294
:1056C000EE4000F0DDFF002845D039A0FDF786FC54
:1056D00002F04AF801F09EF86420FFF7EDFC00F0BC
:1056E0000DFE054638A0FDF779FC002D37D0284681
:1056F00000F030FB218838A0FDF770FC01F00EFFB0
:1057000001F038F901250021082338A20846009548
:10571000FBF7A0FA228839A13A48FDF76FFC08236D
:10572000384A194600200095FBF794FAA0684FF418
:105730007A71B0FBF1F234A13248FDF75FFC082327
:10574000304A102100200095FBF784FA01F06AF836
:10575000FEF71CFFFAE703F00DFE2DA0B6E731A01F
:10576000FDF73CFCC6E700000D0A52462074657345
:105770007420626F6172640D0A00000048573D2575
:10578000642C46573D25642E25640D0A0000000058
:105790006C2E0020436F6E666967206D69737369B4
:1057A0006E672E20496E69742E2E2E0D0A000000A1
:1057B000496E697420636F6E666967206572726FE7
:1057C000722E0D0A00000000526164696F20696E3C
:1057D00069743A2000000000526164696F206368B8
:1057E00069703A2025640D0A000000004D455348B9
:1057F00020534E49464645520000000043686970F8
:105800003A256400FC330020467265713A25640035
:10581000496E697420636F6E666967204F4B2E0D69
:105820000A0000004F4B0D0A0000000070B51D4B30
:105830001B68C3F30224C4F10706042E00D9042612
:10584000231D072B01D2002400E0E41E012303FAEC
:1058500006F56D1E0D40A54003FA04F1491E1140E6
:105860000D43002807DB00BF00F1E0214FEA0512DD
:1058700081F8002407E000F00F0202F1E0224FEA75
:10588000051182F8141D0BDB00F01F014FEA5010C8
:105890004FEA800000F1E02003FA01F3C0F8003184
:1058A00070BD00000CED00E0064900F0070208683A
:1058B0004FF6FF03184040EA0220034A10430860F5
:1058C000704700000CED00E00000FA0508210148D7
:1058D000FFF7D8BD0008014008210148FFF7D0BDFF
:1058E0000008014001F02ABE10B5124C1249A06A0E
:1058F0000860124840684860A06888600020C8734B
:10590000012088732320087300200A181074401C9B
:10591000C0B21028F9D31030C2B20948064902704B
:105920000848FAF743FCA168BDE8104006A0FDF75F
:1059300055BB000078030020401800206C2E00208A
:10594000B70300206C2C002054583A2025640D0A1F
:10595000000000002DE9F04FDFF848B287B09BF857
:105960000C004109059100F00701C0F3C00AC0F323
:1059700000198D480491007808B18CA000E08DA03A
:10598000FDF72CFBDFF83482D8F80400FAF7D9FED3
:1059900006460F46D8F80800FAF7D3FE04460D462F
:1059A000D8F80000FAF7CDFE8DE8F00041EC100BBE
:1059B00083A053EC102BFDF711FB5C468AA0DBF8AB
:1059C0000010FDF70BFB8FA06168FDF707FB92A0AD
:1059D000A168FDF703FB95A00599FDF7FFFA97A0D5
:1059E0000499FDF7FBFA617B98A0FDF7F7FAE17BDC
:1059F0009CA0FDF7F3FAA0A0FDF7F0FABAF1000FB2
:105A000001D0A0A000E0A1A0FDF7E8FAA1A0FDF759
:105A1000E5FAB9F1000F01D09AA000E09BA0FDF7D4
:105A2000DDFA9F4F9FA039781039FDF7D7FA00258E
:105A300007E05C482844017C9EA0FDF7CFFA6D1C6E
:105A4000EDB2387810388542F3DB85A0FDF7C6FA51
:105A50000020FCF735FBDFF850B19BF80000002870
:105A6000D8F8040007D0FAF76CFE41EC100B93A1B4
:105A700053EC102B06E0FAF764FE41EC100B92A1F8
:105A800053EC102B9348FDF7B9FA012400210823A9
:105A9000904A08460094FBF7DDF88F480068FAF753
:105AA00050FE41EC100B8DA153EC102B8948FDF7F3
:105AB000A5FA0823874A002150200094FBF7CAF872
:105AC000D8F80800FAF73DFE05460E46D8F8000063
:105AD000FAF737FE41EC100BCDE9005653EC102BD2
:105AE00080A17C48FDF78AFA08237A4A19460020EB
:105AF0000094FBF7AFF82B4D7EA176486A68FDF75E
:105B00007DFA0823734A102100200094FBF7A2F8C5
:105B10007BA170482A68FDF771FA08236D4A1821A5
:105B200000200094FBF796F878A16A48AA68FDF770
:105B300065FA0823674A202100200094FBF78AF8C1
:105B4000E97B687BCDE90001DDE9043272A161489F
:105B5000FDF754FA08235F4A282100200094FBF740
:105B600079F84B46524673A15A48FDF747FA082385
:105B7000584A302100200094FBF76CF83A7872A163
:105B80005448103AFDF73AFA0823524A38210020C7
:105B90000094FBF75FF800218BF8001007B0BDE818
:105BA000F08F000040190020B603002046455252F5
:105BB0003A2000005250434B3A200000C82E0020EB
:105BC000525353495F504B543D252E31662C52534E
:105BD00053495F5349474E3D252E31662C534E5253
:105BE0003D252E31660D0A0044657374696E61743B
:105BF000696F6E2049443A203078253038580D0AB4
:105C00000000000053656E6465722049443A2030FC
:105C100078253038580D0A005061636B657420494F
:105C2000443A203078253038580D0A00486F7020EB
:105C300073746172743A2025640D0A00486F7020F5
:105C40006C696D69743A2025640D0A004368616EC1
:105C50006E656C20686173683A2030782530325860
:105C60000D0A000052656C6179206E6F64653A2000
:105C700025640D0A0000000057616E742061636B9B
:105C80003A2000005965730D0A0000004E6F0D0A9E
:105C900000000000566961204D5154543A20000024
:105CA000B80300205061796C6F61643A2025640D5F
:105CB0000A0000003078253032582C0046455252F8
:105CC0003A252E31660000005250434B3A252E31C2
:105CD00066000000FC3300200400002020252E3345
:105CE00066560000525353493A252E31662C252E14
:105CF0003166000053454E443A307825303858001C
:105D0000444553543A30782530385800504B543A73
:105D10003078253038580000533A25642C4C3A2509
:105D2000642C483A3078253032582C523A30782555
:105D30003032580057616E7441636B3A25642C4DC4
:105D40005154543A256400005061796C6F61643A93
:105D500020256400042815D006DC01280CD0022878
:105D60000CD0032806D10BE005280DD006280DD055
:105D70007F280DD008A00CE00AA00AE00DA008E0E2
:105D800011A006E012A004E015A002E018A000E0B7
:105D90001CA0FDF723B90000554E4B4E4F574E0D3A
:105DA0000A000000494E56414C494420434849509E
:105DB0000D0A00004E4F5420524553504F4E444957
:105DC0004E470D0A00000000425553590D0A0000CD
:105DD0004E4F5420535550504F525445440D0A00D5
:105DE000494E56414C4944204D4F44450D0A000050
:105DF000494E56414C494420504152414D4554452D
:105E0000520D0A00544F444F0D0A00002DE9F04393
:105E10000446064691B08946002508460A4604E035
:105E2000082B0FD000F8013B491C0B78002BF7D151
:105E30000021017010AA2BA1484601F028FC0700A0
:105E400004D00FE09042EFD9401EEDE7012011B0E1
:105E5000BDE8F083A06820B138462168FAF71EFA41
:105E600028B1103464B320680028F3D128E02068FA
:105E7000E8460125009006E048F825706D1C102DBD
:105E800001DB012117E010AA16A1002001F0FFFBA1
:105E9000071EF1D108F10402691E606802F0EEFDF0
:105EA00040B1A268694628469047012544B1206860
:105EB00030B10FE002214846FDF75AFE0020C6E748
:105EC00046B10AA14846FAF7E9F918B93046FDF794
:105ED00091FE054625B91FB100213846FDF748FE61
:105EE0002846B4E73A0A0D200000000068656C708F
:105EF0000000000010B5064800F0FAF8054800F070
:105F0000ADF8FFF799F8BDE81040FFF723BD00009A
:105F1000C82E00206C2D002002490A6860F3082278
:105F20000A607047007000400D4810B50088A0F569
:105F3000806061380ED08D2807D09F2808D0A0F54A
:105F4000E06074380AD0012010BDFCF7BFFA03E00E
:105F5000042010BDFAF7D0FF002010BD7F2010BD37
:105F60006C2E002010B50B4C2488A4F58064613C95
:105F700009D08D2C0BD09F2C09D0A4F5E064743C83
:105F800005D0012010BDFAF79CFF002010BD7F2036
:105F900010BD00006C2E00207CB5054610480C4654
:105FA0000288A2F58062613A09D08D2A16D09F2A14
:105FB00014D0A2F5E062743A10D001207CBD01A992
:105FC0006846FAF761FF9DF80400C0F342002870AC
:105FD0009DF800004008207000207CBD7F207CBD23
:105FE0006C2E002070B5184C254626886D7BA6F5D2
:105FF0008066613E17D08D2E07D09F2E09D0A6F562
:10600000E066743E13D0012070BD0D70A17B0F4D72
:1060100010E00D70A17B0E4D35F811100180E07B72
:10602000107000200CE00D70A17B0A4D02E00D7095
:10603000A17B094D35F811100180E07B1070207CA8
:106040001870002070BD00006C2E002026940008FF
:106050003E94000854940008789400087CB50546E6
:106060002048214C0088A0F58060613822D08D281E
:1060700007D09F2812D0A0F5E060743828D0012006
:106080007CBD19496A46091D01A8FCF7DEF9227991
:1060900029469DF80000FCF7BDFB21E01248694647
:1060A000001DFCF7FBFC227929469DF80000FCF757
:1060B000F7FD15E00C486946001DFAF7A5FE2279A8
:1060C00029469DF80000FBF71FF9FAF71EFE07E0CE
:1060D000064911F8010B2071C2B22846FAF766F89A
:1060E00000207CBD6C2E0020B4030020D42E0020A4
:1060F00010B504463D482DED028B84B00088A0F514
:106100008060613858D0B5EE008AFEEE008A8D2896
:106110000AD09F282FD0A0F5E060743853D001201A
:1061200004B0BDEC028B10BD02AB01AA694603A806
:10613000FCF76BF99DF8000000EE100AB8EE400A7B
:1061400020EE280A84ED000ABDF90400802801DB56
:10615000A0F5807000EE100AB8EEC00A20EE080A22
:1061600084ED010A9DF8080000EE100AB8EE400A1E
:1061700020EE280A1DE001A96846FCF79EFC9DF868
:10618000000000EE100AB8EE400A20EE280A84ED66
:10619000000ABDF90400802801DBA0F5807000EE44
:1061A000900AF8EEE00A60EE880AC4ED010A30EECB
:1061B000200A84ED020A17E004F10802211D20469E
:1061C000FAF7E4FD10E00A4890F9111100EE101AF8
:1061D000B8EEC00A84ED000A90F9120100EE100A30
:1061E000B8EEC00A84ED010A002099E76C2E002069
:1061F000D42E002010B5044617482DED028BBEEEBC
:10620000008A0088A0F58060613817D08D2809D0F9
:106210009F280AD0A0F5E060743812D00120BDECB0
:10622000028B10BDFCF708F901E0FCF72EFC00EE34
:10623000100AB8EE400A20EE080A08E0FAF7D7FD87
:10624000F5E7FBF767FA00EE100AB8EEC00A002087
:1062500084ED000AE3E700006C2E002038B5044608
:1062600012480088A0F58060613814D08D2807D0CE
:106270009F280ED0A0F5E060743814D0012038BDFE
:10628000231DA21C21466846FCF7FBF80020E08095
:1062900007E0042038BDA31D221DA11C2046FAF7EB
:1062A000C6FD002038BD7F2038BD00006C2E0020C8
:1062B00070B5044610480188A1F58061613916D097
:1062C0008D2907D09F2914D0A1F5E061743910D031
:1062D000012070BD40F61110FCF7D8FA054640F6D3
:1062E0001210FCF7D3FA28442070002070BD04205F
:1062F00070BD7F2070BD00006C2E00207FB5D54C96
:106300004FF47A76D449A068B0FBF6F28A60B0FB0D
:10631000F6F2CA602188B1F5A06F7CD008DCA1F547
:1063200080614FF00105613976D08D2907D109E0F0
:10633000A1F5E061E53970D0B1F57C7F6ED0012028
:1063400004B070BDFCF7D0FAFCF738FA0A20FEF76B
:10635000B3FE0120FCF7E4FA0120FCF791F9A07EDE
:1063600060B1E07E3146FCF7DDF801230095019530
:106370001A46194618460295FBF7CDFF0120FCF797
:1063800078F9A068FAF798F99FEDB41B53EC112B3C
:10639000FAF723F9FAF7BCF9FCF77FF90021084670
:1063A000FCF79DF8A07BAF4D237CE27B617B285CF2
:1063B000FCF7EEF8607E00B101200090207E08B16D
:1063C000012300E00023E07D08B1012200E000226B
:1063D000A17DA08AFCF702F9608A010A4FF4E86007
:1063E000FCF70CFBA17C40F24170FCF707FB6FF05F
:1063F0007F40FCF764F9FBF7C9FFA07E88B9022053
:10640000FCF78EFA217F40F61110FCF7F7FA617F56
:1064100040F6121003E016E065E0E4E0E5E0FCF78A
:10642000EDFAFCF7A7F90120FCF722F80120FCF7B0
:106430006BF800231A4603214320FCF789F8042057
:10644000FCF76EFA03E10120FCF7B0FB0120FCF73A
:106450009FFBA07B8449E27B095C607B0007000E08
:10646000FCF738FBA07DB8B38021207E012836D010
:106470000023607E012834D040200090E27D207D02
:10648000FCF72AFB608A0222010A8DF804108DF8BD
:10649000050001A940F64410FCF7E8FCA068FAF7F3
:1064A0000BF99FED721B53EC112BFAF796F8FAF7E4
:1064B0002FF9FCF788FB00210846FCF722FB207B24
:1064C0000021123040B2FCF7C5FB00231A4603211D
:1064D0004320FCF726FBBAE0FFE70021C5E72023B5
:1064E000C7E70020C9E7FAF76DFF4FF4FA70FEF72F
:1064F000E3FDFAF7E2FE0020FAF7C9FD00200421CF
:106500000095CDE9010101460390032302221F20DB
:10651000FAF710FDFAF7E0FBA07E20B14FF4A0716E
:106520000220FAF783FE0A20FEF7C6FD01210020B3
:10653000FAF7F1FB6FF077452846FAF7D3FB012015
:10654000FAF766FE0A20FEF7B7FDFAF7C5FB3F2013
:10655000FAF7BAFBFAF7C0FB2846FAF7C3FB0220AA
:10656000FAF78DFD207C08B1012300E00023A07B19
:106570004049E27B095C607BFAF71EFD607E00B15A
:1065800001200090207E08B1012300E00023E27D7D
:10659000A07D08B1012100E00021A08AFAF731FDB9
:1065A000A07CFAF74BFDA068FAF780FD94F90C0087
:1065B00000F034FB3048A268B2FBF0F1B2FBF0F01F
:1065C000891CC9B2C0B2FAF773FBA068FAF79AFC4B
:1065D00000218C20FAF7CCFC0220FAF7F2FD002013
:1065E000FAF7E0FD31E07F20AAE6FBF7B5F808B145
:1065F0000520A5E694F90C00FBF70CFDA068FBF75D
:10660000BFF9A07B1D49085CFBF784F9607BFBF7B1
:10661000D3FAE07BFBF798F9207EFBF7A3F9207C07
:10662000FBF764FAA08AFBF793FA607E00B10120C1
:10663000FBF746FAA07CFBF7CDFA0020FBF79AFAAD
:106640000D2258210020FBF773FA00F093F9002087
:1066500076E600006C2E0020B4030020000000004D
:106660008084EE3F1C9400083A940008000000006B
:10667000A8CB68404694000800093D006E940008CD
:106680002DE9F04789464FF4A06A3C4E0A240B25B9
:10669000082700223A49012342F2B44C4FF0100877
:1066A000504516D008DCA0F580604FF0020A613832
:1066B0001ED08D2807D109E0A0F5E060E53832D082
:1066C000B0F57C7F47D00120BDE8F08740F2EE4076
:1066D00010E02C48A1F800A0C1E901200C734D7313
:1066E0008A73CB730A74A1F812C02320888228E031
:1066F00040F261400880C1E901260C734D738F732D
:10670000CB730A74A1F812C0A1F814808A75CA75F7
:106710000B764A76B9F1000F03D08B7681F81BA077
:1067200013E08A7611E040F2E5700880C1E90126A5
:106730000C734D738F73CB730A74A1F812C0A1F858
:1067400014808A75CA750B764A7602F013FEFFF73D
:10675000D5FD0020B8E740F6D5300880C1E9012614
:106760000C734D738F73CB730A742B204882A1F87E
:1067700014808A75FF20C8750A76E5E788F6D01977
:106780006C2E002000180D8F70B520480124204D7C
:106790000088A0F58060613826D08D2809D09F2818
:1067A00015D0A0F5E060743810D1BDE87040FBF75B
:1067B000A1BBFBF71CFE064647F6FF70FBF70BFE7E
:1067C0000CE02C700CE070061CE0AC7070BDFCF7A7
:1067D00049F906464FF6FF70FCF738F9F007F0D19B
:1067E000B007F0D56C70EEE7FAF7AAFA06466FF03C
:1067F0007740FAF777FA700700D52C70300700D58C
:106800006C7030060028E0DB70BD00006C2E0020AC
:10681000B40300204FF480710148FEF733BE00003E
:106820000008014038B5324C6078002538B16570F9
:10683000FFF75AF800F0A0FF2E4800F01BF92E4891
:10684000017841B1057000F071FEFFF753FB00F0D5
:1068500065FE00F08FF82948017821B1057000F03D
:1068600083FF00F087F82079002840D02571A078B8
:10687000234D88B12868A16908442860616988426D
:1068800001D320692860032000F088FB286800F00D
:1068900049F9607900F0CCFCE078002827D0684600
:1068A000FFF7A8FC9DED000AD4ED090AB4EEE00A5A
:1068B000F1EE10FA0BDD10EE100AF9F742FF41EC91
:1068C000100B10A053EC102B2968FCF787FB03205A
:1068D00000F064FB2868A169084428606169884267
:1068E00001D32069286000F01DF900F043F838BD9D
:1068F000780300206C2C0020B5030020B403002096
:10690000BC030020467265713D25642C52535349E7
:106910003D252E31662064426D0D0A0010B50C46EF
:1069200013490988A1F58061613919D04FF480328B
:106930008D2907D09F290BD0A1F5E061743914D0BF
:10694000012010BD90420ED280B2FBF79FFF04E001
:10695000904208D280B2FCF7DFF92060002010BD21
:10696000B0F1807F01D3062010BD7F2010BD000054
:106970006C2E002038B52148014605884A7E8C7D62
:106980000B7E888AC97DA5F58065613D22D08D2D5D
:1069900007D09F2D14D0A5F5E065743D2BD00120C4
:1069A00038BD02B10122009203B101230CB10122D2
:1069B00000E00022FBF712FE0420FBF7B1FF18E015
:1069C00000920A46C0B22146FCF786F80420FCF784
:1069D000D7F90EE002B10122009203B101230A4669
:1069E0000CB1012100E00021FAF70BFB0420FAF7BB
:1069F00001FD002038BDFAF728FEFAE76C2E0020D2
:106A00002DE9F0411D4683188B4206D82AB1A5F125
:106A10000A034EF65724A34202D30620BDE8F081B4
:106A2000B5EEC00A104CF1EE10FA104F104E07DB15
:106A30000020E070386800F075F8386830600EE0CB
:106A400033683B6004F1100383E8070084ED090A12
:106A5000306000F067F82562E5610120E070FFF723
:106A600089FF0020DAE7000078030020C00300203F
:106A7000BC030020F8B506462848294C0288417E10
:106A8000857D037EE778808AA2F58062613A2AD00C
:106A90008D2A07D09F2A1AD0A2F5E062743A37D027
:106AA0000120F8BD01B10121009103B101230DB115
:106AB000012200E000223946FBF790FDE2783146E2
:106AC0000020FBF75FFF0520FBF72AFF1EE0009187
:106AD000C0B23A462946FBF7FFFFE2783146002074
:106AE000FCF782F9EFE701B10121009103B1012325
:106AF0000DB1012100E000213A46FAF782FAE1786F
:106B00003046FAF7A9FC0520FAF774FC0020F8BD1E
:106B100039463046FBF76AF8F8E700006C2E002093
:106B2000B403002070B53449344C364D88604FF4BE
:106B30007A714843324922880978A2F58062613A25
:106B400035D08D2A07D09F2A1BD0A2F5E062743A77
:106B500048D0012070BDA06029700220FBF7E0FE44
:106B6000A068F9F7A9FD9FED281B53EC112BF9F74D
:106B700034FDF9F7CDFDFBF790FD2878FBF7D0FE4B
:106B800035E0A06029700220FCF7FAF8A068F9F758
:106B900093FD9FED1F1B53EC112BF9F71EFDF9F729
:106BA000B7FDFCF710F82878FCF7EAF81FE0A060C2
:106BB00029700220FAF71EFC1749A068884204D900
:106BC000002304221946022003E0002107230422A7
:106BD0000846FAF73BFAA068FAF768FA2878FAF755
:106BE00009FC04E0A060FAF7CBFE401C01D00020B5
:106BF00070BD062070BD0000B40300206C2E002084
:106C0000AC030020AD030020000000008084EE3FB4
:106C100000000000A8CB684080D99F382DE9F041E2
:106C20002D4D044604F10907288804F11206A0F549
:106C30008060613828D08D2808D09F2816D0A0F514
:106C4000E06074383BD00120BDE8F081202F3AD2BB
:106C50002248234E007830700220FBF761FE2C732F
:106C6000FBF788FD3078FBF75BFE32E0202E2AD25E
:106C70002C7375B22A4621461AA0FCF7AFF9002101
:106C80002846FBF7E7FF24E01A49A86888420DD997
:106C90000023042219460220FAF7D8F9202E12D236
:106CA0002C7302212046FAF7FCFA12E00121072397
:106CB00004220846FAF7CAF9202F04D2F0E7002C84
:106CC00001DB142C01DD0620BEE72C732046FBF708
:106CD000A1F90020B8E700006C2E0020AC030020D2
:106CE000AD03002064626D3D25642C7077723D25F4
:106CF000640D0A0080D99F382DE9F0471646DFF869
:106D000080820D464A1F9F49B8F80040DFF878920C
:106D10000978A4F580641F464FF4CC7A613C7DD09D
:106D2000C31F4FF4F77C8D2C08D09F2C4CD0A4F5BA
:106D3000E064743C73D00120BDE8F08763456FD2F6
:106D4000082A6DD2042E6BD8012F69D8082801D8E3
:106D5000002420E00B2801D801241CE0102801D8D1
:106D6000022418E0152801D8032414E0202801D8B3
:106D7000042410E02A2801D805240CE03F2801D87B
:106D8000062408E07D2801D8072404E0FA2801D869
:106D9000082400E0092488F80E4088F80D5088F88F
:106DA0000F6088F8107089F800100220FBF7B8FD1A
:106DB00076483B463246015D2846FBF7E9FB99F8E9
:106DC0000000FBF7ADFDD8E0634529D2082A27D2A1
:106DD000082E25D8012F23D8CC2801D800240AE07A
:106DE000504501D2012406E040F22D32904201D8F4
:106DF000022400E0032488F80E4088F80D5088F83B
:106E00000F604F4689F800100220FBF7B9FF604879
:106E10003246015D2846FBF75DFE02E005E05CE0DE
:106E200063E03878FBF7ACFFA7E0A0F1C80340F2BD
:106E30009254A34259D2082A57D2082E55D808286E
:106E400001D800242DE00B2801D8012429E01028C6
:106E500001D8022425E0152801D8032421E02028A8
:106E600001D804241DE02A2801D8052419E03F2870
:106E700001D8062415E07D2801D8072411E0CC288C
:106E800001D80A240DE0FB2801D8082409E0504568
:106E900001D20B2405E0B0F5FB7F01D2092400E00C
:106EA0000C2488F80E4088F80D5088F80F6088F898
:106EB000107089F800100220FAF79CFA0FB1012334
:106EC00000E0002333483246015D2846FAF774F8A3
:106ED00099F80000FAF78EFA4FE0634505D2082AC8
:106EE00003D2042E01D8012F01D9062024E7082857
:106EF00001D8002020E00B2801D801201CE0102838
:106F000001D8022018E0152801D8032014E0202819
:106F100001D8042010E02A2801D805200CE03F28E1
:106F200001D8062008E07D2801D8072004E0FA28CF
:106F300001D8082000E0092088F80E0088F80D50DC
:106F400088F80F6088F810700220FBF743F898F873
:106F50000E001149085CFAF7DDFC98F80D00FAF70D
:106F60002BFE98F80F00FAF7EFFC98F81000FAF7EC
:106F7000BDFD99F80000FBF72DF80020DCE60000CD
:106F80006C2E0020AC030020AD0300201C940008F0
:106F90003A940008469400086E94000810B5044620
:106FA00011480088A0F58060613811D08D2807D085
:106FB0009F2809D0A0F5E06074380FD0012010BDE3
:106FC0002046FBF7ADFC0CE02046FBF7D9FE08E0BD
:106FD0002046FAF70FFA0548047002E02046FAF757
:106FE000F9FF002010BD00006C2E0020AC03002033
:106FF0002DE9FC5F694F80468A4669483988DDE99A
:107000000C650078DFF89C91A1F580611C469346E1
:1070100061396AD04FEA182201928D2908D09F2940
:1070200037D0A1F5E061743976D00120BDE8FC9F2E
:10703000012C72D8012E70D8012D6ED8A7F81280BD
:10704000A7F814A087F817B0BC753E767D7689F84E
:1070500000000220FBF764FC0DB1012000E00020DD
:1070600000900EB1012300E000230CB1012200E0EA
:10707000002259465046FBF7B1FA4FF4E8600199F7
:10708000FBF7BCFC08F0FF0140F24170FBF7B6FCD7
:1070900055E0012C5ED8012E5CD8012D5AD8A7F8F6
:1070A0001280A7F814A087F817B0BC753E767D76DD
:1070B00089F800000220FBF763FE0AF0FF00334668
:1070C0005A4621460095FBF707FD40F6441001990A
:1070D000FBF7C6FE08F0FF0140F64510FBF7C0FEC7
:1070E00099F80000FBF74CFE56E0012C32D8012E37
:1070F00030D8012D2ED8A7F81280A7F814A087F851
:1071000017B0BC753E767D7689F800000220FAF74C
:1071100071F91DB1012002E016E01BE00020009093
:107120000EB1012300E000230CB1012100E0002199
:107130005A465046F9F765FFB87CF9F77FFF99F892
:107140000000FBF7EDFB27E0012C03D8012E01D84E
:10715000012D01D9062069E7A7F81280A7F814A02D
:1071600087F817B0BB753E767D7689F8000002205F
:10717000FAF730FF387EFAF7F5FBB88AFAF7E8FC41
:10718000787E00B10120FAF79BFCB87CFAF722FD6B
:1071900099F80000FAF71EFF002047E76C2E002048
:1071A000AC030020AD03002070B5194C2188A1F577
:1071B0008061613929D08D2907D09F2923D0A1F57D
:1071C000E061743921D0012070BD5E2801D906200C
:1071D00070BD41082177401A60770E480E4D007847
:1071E00028700220FBF79CFB217F40F61110FBF773
:1071F00005FC617F40F61210FBF700FC2878FBF7D6
:107200008FFB002070BD7F2070BD042070BD00008A
:107210006C2E0020AC030020AD03002003480121A8
:10722000017081600022C2604170704778030020C5
:1072300070B5274C274D80B1298801250226A1F57C
:107240008061613931D08D2916D09F291ED0A1F5DA
:10725000E061743933D0012070BD0020207000F04F
:1072600083FA2888A0F53061D53901D1FAF75CFDA1
:10727000BDE87040FFF77EBB022822D8012802D06B
:10728000FBF76DFA08E0FBF735F909E0022818D89A
:10729000012803D0FBF772FC267002E0FBF73CFCF0
:1072A000257000F069FA002070BD022809D8012875
:1072B00002D0F9F7F0FFEFE7F9F7E7FFF0E7012871
:1072C00001D0062070BDFAF77EFDFAF70BFDE7E767
:1072D0007D0300206C2E00202DE9F0411D4683180F
:1072E000069E8B4207D832B16B1E4EF66024A34235
:1072F00001D2022E02D90620BDE8F081144F154BB1
:10730000154CC6B1D3F800C004F11008C7F800C08E
:1073100088E8070066711860FFF704FC00F02CFA9B
:107320003046FFF785FF0028E6D12562E5610120A0
:10733000A0700020E0E700206071A070386818603D
:10734000FFF7F0FB00F010FAFFF714FBF1E7000085
:10735000C0030020BC03002078030020164A10B5AB
:107360001288A2F58062613A1ED04FF480338D2AD4
:1073700007D09F2A0ED0A2F5E062743A19D00120FE
:1073800010BD984213D2FF2911D8C9B280B2FBF7C1
:1073900035FB07E098420AD2FF2908D8C9B280B26B
:1073A000FBF75EFD002010BDB0F1807F01D3062009
:1073B00010BD7F2010BD00006C2E00205C22024911
:1073C0000248F8F7F3BE000000F801086C2E002018
:1073D000094910B53F220A60074A040C14321368A9
:1073E00064F30F031360121D136860F30F0313603F
:1073F0000F20086010BD000004280040084910B5A7
:107400003F220A60040C0A1D136864F3030313602F
:10741000121D136860F30F0313600F20086010BD86
:10742000042800402DE9F04103460088002440F282
:10743000B275A84204D3188840F63301884202D9B5
:107440000120BDE8F081284E284F07E0A8B2FEF7E2
:10745000D1F808B1344400E03C446D1C1888A842BF
:10746000F4D89878401E98700025214E214F0EE0E8
:10747000705D40F2A32110FB01F004EBC0141888EA
:10748000FEF7B8F810B1012D00D13C446D1C98787E
:10749000A842EDD8D87840F2A321401EC0B210FB1C
:1074A00001F0197904EBC010C1EB4112C2EB0121CC
:1074B00000EB01105979C1EB011100EB81009979C2
:1074C0000C1801214FF01C10FDF7F0FC01210A48B7
:1074D000FDF7ECFC0120FEF71FFD2046FFF778FFCB
:1074E00000F00CF80020ACE70085E2018033E101F8
:1074F000D8930008805101001B001C00024801685D
:107500008906FCD570470000042800400248016845
:107510000907FCD570470000042800404FF4807133
:107520000148FDF7ADBF0000000C01404FF4807131
:107530000148FDF7A7BF0000000C014070B50B4CDF
:1075400005460221204600F028F80028F9D02946F7
:10755000204600F020F80121204600F01EF8002807
:10756000F9D0204600F014F8C0B270BD00300140E0
:107570000021017041708170C17001714171817190
:107580000121C1717047026861F386120260704781
:10759000C06880B27047C1607047024600209268A0
:1075A0000A4200D001207047C26922F40062C26121
:1075B0000A7832B1012A08D0022A12D0032A18D040
:1075C00023E0026822F400420EE0026822F4004246
:1075D0000260026822F480420260026842F4806223
:1075E00012E0026842F400420260026822F4804223
:1075F00006E0026842F400420260026842F48042FF
:107600000260026822F480620260CB79026863F350
:10761000492202604A78012A02D1CA79012A15D08A
:10762000026822F4807202604B78026863F382027F
:1076300002608A78072A42680CD942F4807242605C
:107640008A78036862F3C50303600BE0026842F4C2
:107650008072E8E722F4807242608B78026863F3FC
:10766000C5020260CB78026863F3C71202600B792F
:10767000026863F3CB2202604B79026863F3410234
:1076800002608A79016862F300010160704770B599
:10769000154604000E4600D12C682046F8F7DFFDA1
:1076A0000444207800280BD031462046F8F7E5FD49
:1076B0000119087810B1002001F8010B204629605B
:1076C00070BD000010B5FDF78BFC1B4B1B4A1C491D
:1076D00020B101280AD0022808D109E0506D8005A8
:1076E00004D5106B800101D516481AE00B6019E033
:1076F0005068C0F3004450685368C0F38340C3F33C
:10770000417343B90F2806D0801C14B153689B0302
:1077100005D50D4B04E000EB0310401CF5E7064BCC
:10772000584308605068094AC0F30310105C0A68A7
:10773000C2400A6010BD000000127A000010024032
:1077400014000020006CDC0200093D000C940008CD
:107750004FF0E0210428086903D020F004000861FC
:10776000704740F00400FAE74FF400710148FDF75C
:1077700087BE0000000C01404FF400710148FDF786
:1077800081BE0000000C0140C26861F34D32C2604E
:10779000704769B101290FD0022916D0032913D1EE
:1077A000416941F480714161416941F400710AE02D
:1077B000416921F4807102E0416941F480714161C5
:1077C000416921F4007141617047416921F4807180
:1077D000E9E70000F0B585B004461D4616460F46A1
:1077E0006846FDF7C7FA1148844201D1029800E0CB
:1077F00003980A2100EB80004000B0FBF7F0B0FBDB
:10780000F1F201FB1202B0FBF1F0052A00D3401C9B
:10781000A16860F30F01A160E06866F30C30E060DE
:10782000206965F30D30206105B0F0BD00380140DE
:1078300059B1012912D002290FD1C16841F4007158
:10784000C160C16841F4806106E0C16821F4007143
:10785000C160C16821F48061C1607047C16821F4D2
:107860000071EDE7C26861F38202C2607047C268CE
:1078700061F3C302C260704701494020088070472D
:107880000C00002002490246088802440A80704722
:107890000C000020016C21F0020101647047016CB2
:1078A00021F0010101640021416401658021C1646E
:1078B00001224FF41E4100F04BBA016C41F002016D
:1078C00001647047016C41F008010164016C41F0F2
:1078D0000401016470470000F0B591F80AE03E48E9
:1078E0000A7848F6BF754BF68F7648F2800348F267
:1078F000C00748F68F744CF2800C00EB8202BEF198
:10790000000F34D0D2F800EC5FEA4E6E07D5D2F803
:1079100000EC0EEA040E4EEA070EC2F800EC0A78FC
:1079200000EB8202D2F800EC5FEA4E4E07D5D2F8A7
:1079300000EC0EEA040E4EEA0C0EC2F800EC8A7857
:10794000012A0A784FEA82023CD01718D7F8002C97
:10795000224042EA0C02C7F8002C0A7800EB8204AD
:10796000D4F8002C2A401A43C4F8002C0FE091F8F8
:1079700002E0BEF1010F14D0D2F8005C6D0406D510
:10798000D2F8005C254045EA0C05C2F8005C097895
:1079900000EB8101D1F8000C30401843C1F8000C15
:1079A000F0BDD2F8006C760605D5D2F8006C264002
:1079B0003E43C2F8006C097800EB8101D1F8000C5D
:1079C0002840EAE702EB000CDCF8002C22403A43A6
:1079D000CCF8002CC1E70000005000402DE9F04F2A
:1079E000087800228300D1480344D3F8004C48F6BD
:1079F00080752C404D782C43C3F8004CCB7833B1C4
:107A0000022B0ED0032B05D0012B06D009E04FF43A
:107A1000007206E04FF4C06203E001234FF480627D
:107A20008B720B7800EB8304D4F8003C48F68F157A
:107A30002B401343C4F8003CBE4B8F78BC4E5B68B0
:107A400048F6BF7E48F280184FF0040B48F28004DD
:107A50004CF2800948F2C00548F68F72012F37D0EA
:107A600091F80AC04FF6FF77BCF1000F70D091F883
:107A700000C0AE4800EB8C00D0F800CC0CEA020C41
:107A80004CEA080CC0F800CCB1F804C03068B2462B
:107A90000E7800EBC60043F810C0CE88DAF800C0BC
:107AA00091F800800BEBC800604443F81060DAF8EE
:107AB00000000E784FF0020C0CEBC606304403EBCE
:107AC000400608893E287DD94309C0067BD0C5E021
:107AD0008F7AE7B30F7800EB8707D7F800CC0CEA72
:107AE000020C4CEA080CC7F800CC8F88D6F800C00E
:107AF00091F800800CEBC80C43F81C70CF88D6F8C6
:107B000000C091F800800BEBC806664443F816707D
:107B10000B7800EB8303D3F8006C760605D5D3F819
:107B2000006C16402E43C3F8006C0B7800EB830307
:107B3000D3F8005C6D0406D5D3F8005C154045EA27
:107B40000905C3F8005C0B7800EB830301E01CE03F
:107B500041E0D3F8005C154045EA0905C3F8005C34
:107B60000A7800EB8203D3F8002C4BF68F752A407D
:107B70002243C3F8002C097800EB8101D1F8000CF6
:107B800000EA0E0080F02000CCE08F88366891F883
:107B900000C006EBCC0643F816700B7800EB8303AD
:107BA000D3F8006C760605D5D3F8006C16402E434A
:107BB000C3F8006C097800EB8100D0F8001C01EAE2
:107BC0000E0101E04FE047E081F020012143C0F8C1
:107BD000001CBDE8F08FB246B1F806C0366891F8D7
:107BE00000800BEBC805354443F815C00D7800EB59
:107BF0008505D5F8006C760406D5D5F8006C1640DE
:107C000046EA0906C5F8006CDAF800500E7806223C
:107C100002EBC6022A4403EB42050A893E2A09D92F
:107C20005309D20601D15B1E9BB207EA832242F4BC
:107C3000004205E05308D20700D15B1C07EA83220B
:107C40002A60097800EB8101D1F8000C4BF68F72A5
:107C5000104080F4405065E05B1E9BB207EA832031
:107C600040F4004005E04308C00700D15B1C07EA70
:107C700083203060DAF800300E78062000EBC60072
:107C800003442C48406800EB430608893E2809D984
:107C90004309C00601D15B1E9BB207EA832040F472
:107CA000004005E04308C00700D15B1C07EA8320C1
:107CB0003060087883001D480344D3F8006C7606D2
:107CC00005D5D3F8006C16402E43C3F8006C0B7832
:107CD00000EB8303D3F8006C760406D5D3F8006C70
:107CE000164046EA0906C3F8006C0B7800EB8306E1
:107CF000D6F8003C13402B43C6F8003C0A7800EB52
:107D00008203D3F8002C4BF68F752A4082F4405240
:107D10002243C3F8002C097800EB8101D1F8000C54
:107D200000EA0E002043C1F8000C52E7005000406A
:107D3000505C00400C000020016C21F0080101643F
:107D4000016C21F0040101647047C943416470472C
:107D5000012A026C02D08A43026470470A43FBE79F
:107D6000084B10B55B68521C03EB4101530800221D
:107D700005E000BF31F8044B20F8024B521C9A4238
:107D8000F8D310BD0C000020C26C61F30602C2647F
:107D9000C16C41F08001C164704740682029406A8D
:107DA00014D0212911D110F8541F11700188090A2B
:107DB00051700168090C91700168090ED170017948
:107DC0001171417951718079907170479378118860
:107DD00063F31F41D37841EA036140F8541F1179DE
:107DE00001715179417191798171704770B5426823
:107DF0000023526A92F853402CB1002482F8534079
:107E0000B2F8504006E0002070BDD5182D79CD5451
:107E10005B1C9BB2B2F850509D42F6D84023012122
:107E2000121D00F009FB204670BD70B51346426874
:107E30000124526A92F852503DB1002582F8525006
:107E40000A46812100F022FB00E00024204670BD9C
:107E5000084B10B55B68521C03EB4101530800222C
:107E600005E000BF30F8024B21F8044B521C9A4247
:107E7000F8D310BD0C00002030B50C0601F07F01D6
:107E800000EB4110274948F68F7248F2800320D555
:107E900010F80C4F01EB8404D4F8005C6D0607D594
:107EA000D4F8005C154048F2C0021543C4F8005CE9
:107EB000027801EB8201D1F8002CC2F30112102AE2
:107EC0002DD1D1F8002C48F6BF74224082F0200258
:107ED00022E090F80C4101EB8404D4F8005C00F53A
:107EE00086706D0407D5D4F8005C15404CF2800212
:107EF0001543C4F8005C027801EB8201D1F8002C34
:107F0000C2F30132B2F5805F09D1D1F8002C4BF6F3
:107F10008F74224082F440521A43C1F8002C002191
:107F2000C17230BD005000400068FFF7B3BC70B5AF
:107F3000044601F07F0004EB40120C3259B1606836
:107F40004269002A45D094F82402032841D12046F2
:107F5000BDE87040104794F82002022839D1518BB7
:107F6000108981420DD9081A83B253831089834244
:107F700000D3034652692046BDE87040002100F05E
:107F800085BA118B814216D1918B814213D3B4F8FB
:107F9000220281420FD2002515832B462A4629460C
:107FA000204600F073FA29462046BDE870400023C1
:107FB0001A4600F041BA6068C16829B194F82402F9
:107FC000032801D1204688472046BDE8704000F0D4
:107FD0007BB870BD10B50446012084E80E0084F81B
:107FE0002402204600F0D0F92068BDE81040FFF7D9
:107FF00056BC10B5044601F07F0004EB401202F5B8
:10800000867259B160688269002A26D094F82402E9
:10801000032822D12046BDE81040104794F82002E2
:1080200003281AD1538B108983420CD9181A83B2B2
:1080300053831089834200D3034652692046BDE82A
:10804000104000F0F9B96068016909B1204688471D
:108050002046BDE8104000F04BB810BD10B50446F6
:1080600000F5057100F5037000F0ACFC012084F808
:108070002002B4F81202A4F8220294F80C0210F0C4
:108080001F0008D001280BD002280ED12046BDE8E1
:10809000104000F0C6B82046BDE8104000F03BB8E4
:1080A0002046BDE8104000F099BB10BD10B400F5AB
:1080B00086740323A283628380F8203213460A4623
:1080C00010BC002100F0B8B90521002380F820126F
:1080D0001A46194600F0B0B930B40285C2840223B2
:1080E00080F8203213460A4630BC002100F0CEB999
:1080F0000421002380F820121A46194600F0C6B960
:1081000010B50446002100F02FFC2046BDE81040C9
:10811000802100F029BC70B500F5037100240A78B5
:1081200012F0600F03D042689268904774E090F8B4
:108130000D52002301220A2D57D2DFE805F0051861
:10814000562D56395056536B90F82412022901D0FF
:1081500003294AD190F8271229B1B0F82A1241F028
:108160000201A0F82A12022200F22A2149E0054663
:1081700090F82402022801D003280BD14888012856
:108180004AD185F82732B5F82A0220F00200A5F876
:108190002A0207E0284628E0054648880128F9D148
:1081A00085F827226868826828469047284613E0A9
:1081B0008B88D3B9CB88C3B9897890F8243201F081
:1081C0007F01032B11D080F8261219B1022180F80B
:1081D000241201E080F82422FFF78AFF1CE000F05F
:1081E0008BFA19E0C988012902D0FFF789FF13E053
:1081F00090F82412022907D00329F6D1012200F2B7
:108200002921FFF769FF07E080F82832012200F5F5
:108210000A71F6E700F06CFB204670BD0068FFF7BE
:108220004CBB2DE9F04100F5037604463078002779
:10823000357910F0600F05D06068314682682046BD
:10824000904756E0707820B1012836D003284DD1F0
:1082500046E094F824020026022802D0032845D1E3
:1082600014E0680603D02946204600F07DFB28066E
:1082700005F07F0004EB401101D50C3101E001F560
:108280008671022221F80C6F204610E0280605F0C6
:108290007F0004EB401101D50C3101E001F586713E
:1082A000C87A012806D08E81022220460C31FFF7C1
:1082B00013FF1EE001208881F6E794F824020228CB
:1082C0001AD0032812D1708898B9680604D02946BC
:1082D0002046FFF7D1FD21E02046FFF709FF08E027
:1082E00094F82402022807D003280ED02046FFF776
:1082F00007FF3846BDE8F081002DFAD0802DF8D078
:108300002946204600F030FBF3E7708830B92DB1E4
:10831000802D03D02946204600F026FB60683146B8
:10832000826820469047D7E70068FFF7CBBA10B5C0
:108330000446807A10B1A08898B10AE0A07801289C
:1083400007D1A088002803D12089FFF79BFAA080DD
:1083500010BDE0880028FBD12089FFF793FAE08068
:1083600010BD2089FFF78EFAA080F2E70A0601F01F
:108370007F0100EB411101D50C3101E001F586715F
:108380000068FFF7A9BA000010B5002201241146C9
:1083900000EB42131A735A739C73998219625983C2
:1083A000521C1982D2B25982082AF1D35FF000031D
:1083B00000EB431282F80C3182F80D3182F80E1175
:1083C000A2F81411C2F82011A2F81A115B1CA2F82D
:1083D0001211DBB2A2F81011082BE9D310BD70B551
:1083E0000546046804E000F00F01284600F0C2F8DA
:1083F000606C0104F7D470BD70B50E06056801F01D
:108400007F0100EB411405D4002084F80E0104F52F
:10841000867402E00120A0730C345B1C23F0011071
:108420002081E2702046FFF782FF21462846BDE802
:108430007040FFF7D3BA000010B501F07F0400EBE5
:108440004410C0F82021A0F81A310023A0F81C31F4
:10845000B0F81A21B0F8141100F586708A4202D9DA
:10846000511AC18100E0C381074800EB8401D1F8B3
:10847000000C4BF68F72104080F4405048F280029E
:108480001043C1F8000C10BD005000402DE9F0472A
:1084900001F07F0800EB481C0068CCF82020ACF805
:1084A0001A300025ACF81C50BCF814409AB20CF1FC
:1084B0000C0CA24203D9121BACF80E2002E01C46A1
:1084C000ACF80E50022301F07F0103EBC106ACF8BB
:1084D0001840274B9CF80A20234FDFF8909003EBBD
:1084E00081057AB150F828004006386818D5062171
:1084F00001EBC8010144D9F8000040F81140BCF874
:10850000061014E0BCF804102246DCF81400FFF753
:108510009FFC38688119D9F8000040F8114015E037
:108520008119D9F8000040F81140BCF80410224627
:10853000DCF81400FFF78CFCD5F8000C48F68F71BE
:1085400008404CF280010843C5F8000CD5F8000C37
:1085500048F6BF71084080F0300048F280010843BF
:10856000C5F8000CBDE8F087505C0040100000200A
:10857000005000402DE9F047064600680D4650F8CF
:1085800025204FF0020000EBC5095948594B5749C7
:1085900000685FEA026C06EB451403EB85072ED5F5
:1085A000D7F8002C48F60F731A40C7F8002C0A6859
:1085B00002EB090130F81100C0F30900A083216A21
:1085C0000A182262638BABB1A5B129463046FFF78A
:1085D0005DFF00BF96F82402022809D196F8261202
:1085E000002905D03068FFF7CFFB002086F826026F
:1085F000BDE8F08729463046FFF799FCEAE74FF0DF
:1086000006035FEA025C03EBC50340F68F7804F5CE
:10861000867417D50968194430F81100C0F30902AF
:108620002282E18806F50570FFF79AFB2F48503843
:10863000016801EA0801016029463046BDE8F047BB
:10864000FFF70CBD5FEA024CD2D5D7F800CC0CEA9C
:10865000080CC7F800CC94F80AC0BCF1000F0AD08F
:10866000520414D50A6802EB090130F81100A18800
:10867000C0F3090812E00968194430F81100E188D4
:10868000C0F3090842466069FFF76AFB14E0096815
:10869000194430F81100E188C0F3090842466069C6
:1086A000FFF75EFBD7F8000C48F68F71084048F2E0
:1086B000C0010843C7F8000C218A01EB08002082A2
:1086C000616901EB08026261E3894BB1218941458F
:1086D00006D82DB129463046BDE8F047FFF7ACBEBD
:1086E00029463046BDE8F047FFF783BC505C0040A8
:1086F000100000200050004070B5B0F80E12044683
:108700000025080A042841D2DFE800F040020508ED
:10871000A06800681EE0A06880681BE0C8B203285B
:108720002BD005DC88B1012812D0022806D121E027
:10873000042825D0052826D0EE2827D0606804F527
:10874000037182682046904712E0A068006901E04A
:10875000A0684069804758B1018849B1B4F8122235
:1087600032B1914200D20A4641682046FFF7B4FC7C
:10877000284670BDA0688069ECE7A068C069E9E799
:10878000A068406AE6E7A068006AE3E72046FFF7D2
:10879000B7FCEDE701F07F0100EB4110B0F81C01E0
:1087A00070470000F0B500230A24302537261F4605
:1087B00011E000BFB4EB107F02D905EB107C01E0A3
:1087C00006EB107C01F813C001EB430C00015B1CAD
:1087D0008CF80170DBB29342ECD3F0BD70B5044667
:1087E00000F5037190F8240200250E46012808D0F8
:1087F000022806D0032804D02046FFF781FC284633
:1088000070BD6068826820469047F188054629431C
:10881000F5D12046FFF76CFCF1E72DE9F041066841
:108820000746746C356C200402D53846FFF7D7FD37
:10883000600507D54FF480613046FFF786FA384669
:1088400000F031F8A00509D5A80507D54FF400714F
:108850003046FFF77AFA384600F0C8F8E00506D54A
:10886000E80504D54FF480713046FFF76EFA200515
:1088700009D5280507D54FF400613046FFF765FAA2
:10888000384600F0B9F8E0040BD5E80409D53846BD
:1088900000F0E1F83046BDE8F0414FF48051FFF7B9
:1088A00054BABDE8F08110B50446FEF7E5FF204656
:1088B000FFF76AFD0022402311462046FFF79CFD8A
:1088C0004023002280212046FFF796FD00212068EA
:1088D000FFF75AFA012084F824026068026A002A2D
:1088E00004D02046BDE810400121104710BD000013
:1088F00070B500F503711B4E0446887830708A8885
:1089000000253AB9C98829B994F82412022906D059
:1089100003290BD02046FFF7F3FB284670BDE8B1D2
:1089200084F82902032084F824020BE068B194F84B
:108930002912814212D06068416820468847307809
:1089400084F829026068016806E0022184F8241294
:1089500084F8290260684168204688472046FFF76E
:10896000C7FBDAE7180000200B0601F07F0100EBDF
:10897000411010B5124948F280020ED510F80C3F94
:1089800001EB8303D3F8001C48F6BF74214081F04B
:1089900010011143C3F8001C0FE090F80C3101EBFB
:1089A0008303D3F8001C4BF68F74214081F480516F
:1089B0001143C3F8001C00F586700121C17210BD7F
:1089C000005000400A7802704A7842708A78CB786A
:1089D00002EB032242800A794B7902EB0322828068
:1089E0008A79C97902EB0121C18070474168C96960
:1089F000002900D00847704710B5044690F82402BB
:108A000084F82502042084F824022046FFF78CFC19
:108A10006068026A002A04D02046BDE810400221A6
:108A2000104710BD30B500220223154608E0CC5493
:108A30005B1C9BB2521CCD545B1C92B29BB2401C7F
:108A40000478002CF3D1022000EB420080B20870C1
:108A500003224A7030BD10B504460068FFF76CF978
:108A600094F8250284F824026068026A002A04D07F
:108A70002046BDE810400321104710BD2DE9F04706
:108A80009246884607004FF02E094ED029A138465D
:108A9000F7F7D7FB90B33846F7F7CCFB0546064609
:108AA00025A13846F7F7B4FB30B17919491E814248
:108AB0003ED1012D3CD0B61E002432E0AC4205DB95
:108AC000781910F8010C2A2832D103E0385D2A28E1
:108AD00000D081464846B9F1750F15D005DC6228F3
:108AE0001ED0B9F1730F23D113E0762807D0B9F166
:108AF000770F1DD15AF8240000220DE015E0002266
:108B00005AF82400022108E000225AF8240001212A
:108B100003E05AF824000122042100F00FF838B1D4
:108B2000641C4445CADBB04502DB0120BDE8F08788
:108B30000020FBE73F0000002A0000002DE9F84379
:108B40000D46804617460026FAF784FA044637B1E8
:108B50000660002269464046F7F7B5FB0BE0E800E7
:108B60000125854026600022694640466D1EF7F7C4
:108B7000E2FBA84309D1206838B94046F7F75AFB11
:108B8000009AA2EB0801884202D00020BDE8F883D9
:108B90000120FBE702494AF6AA200860704700005E
:108BA0000030004002494A6860F302024A607047A0
:108BB00000300040024908B145F255500860704746
:108BC00000300040014988607047000000300040DC
:108BD0003EB501A8FCF758FC03208DF80A000124DB
:108BE00001A924480194FCF789FC234D2846FAF793
:108BF0007BFF0120FCF776F80020FAF7CBFE6846F1
:108C0000FAF7A8FE00218DF800108DF801108DF8FC
:108C100002108DF8034069462846FAF785FE0323C3
:108C2000012200212846FAF703FF012207212846E6
:108C3000FAF73BFF00212846FAF74BFF01212846AF
:108C4000FAF7B0FE2846FAF78CFE2C462046FAF7D3
:108C50008DFE0028FAD12046FAF78FFE2046FAF75B
:108C600091FE0028FAD1012220212046FAF79FFE2A
:108C70003EBD0000000801400024014001210148E0
:108C8000FCF79ABC0203103030B585B003A8FCF79E
:108C9000FBFB00248DF81240282001258DF81100DF
:108CA000039503A90C48FCF729FC00210120FCF7DF
:108CB000F7FB6846FCF72AFA8DF809508DF800405A
:108CC00001958DF808406846FCF738FA01210846FE
:108CD000FCF764FA05B030BD000C01402DE9FC47FB
:108CE0006846FCF7D1FB00248DF806402820DFF809
:108CF000C8A004258DF80500009569465046FCF78C
:108D0000FDFBDFF8B8908DF80640022600968DF83E
:108D1000055069464846FCF7F1FB40F60C400090D0
:108D20008DF8064018208DF8050069464846FCF786
:108D3000E5FB08215046FCF7A5FB4DF240314846C3
:108D4000FCF79EFB42F2B0014846FCF79BFB4FF458
:108D5000014841465046FCF793FB01208DF807007F
:108D60008DF80440102708208DF8067000908DF8CB
:108D7000055069465046FCF7C1FB8DF807608DF839
:108D800004404FF2F0308DF8067000908DF80550D9
:108D900069464846FCF7B2FB8DF807608DF8044041
:108DA0008DF80670CDF800808DF805506946504664
:108DB000FCF7A4FBBDE8FC8700080140000C014063
:108DC00010B50320FCF770FDFAF72CF900221146CC
:108DD000F8F784FB01466FF00B00FAF72BF9FAF76E
:108DE00021F900221146F8F779FB01466FF00A00DD
:108DF000FAF720F9FAF716F900221146F8F76EFB98
:108E000001466FF00900FAF715F9FAF70BF900229D
:108E10001146F8F763FB01466FF00400FAF70AF910
:108E2000FAF700F900221146F8F758FB01466FF0F7
:108E30000300FAF7FFF8FAF7F5F800221146F8F701
:108E40004DFB01466FF00100FAF7F4F8FAF7EAF883
:108E500000220F21F8F742FB01464FF0FF30FAF7EE
:108E6000E9F8002211460620FCF7E0FC002211463A
:108E70001220FCF7DBFC002211462520FCF7D6FC73
:108E80000022BDE8104011464A20FCF7CFBC00008C
:108E900010B501214FF4C010FCF708F80121184863
:108EA000FCF704F816480121401CFBF7FFFF1448AB
:108EB0000121801CFBF7FAFF11480121C01CFBF7C0
:108EC000F5FF0F480121C01DFBF7F0FF0C48012101
:108ED0000A30FBF7EBFF0A4801210C30FBF7E6FFF5
:108EE00001210848FBF7E2FF06480121001DFBF7BE
:108EF000DDFFBDE8104001214FF01C10FBF7D6BF8D
:108F00000200180017001C001CB50120FDF704F832
:108F10000120FCF741F80120FCF736F8FEF7F6FADD
:108F2000FEF7ECFA47F6FF70FEF768FAFEF7E6FA8E
:108F300040F2E970ADF8000009208DF8020014201D
:108F40008DF8030000208DF804008DF805008DF8E1
:108F500006006846FEF766FA0020FAF7E3FD1CBD3E
:108F60002DE9FF416846FCF78FFA02A8FEF700FBE7
:108F700001258DF8075000248DF804400827202093
:108F8000DFF888808DF80670042600908DF8056063
:108F900069464046FCF7B2FA02208DF807008DF8CA
:108FA000044040208DF8064000908DF80560694629
:108FB0004046FCF7A3FA8DF807508DF80440802056
:108FC0008DF8067000908DF8056069464046FCF704
:108FD00095FA8DF808408DF80C408DF809508DF801
:108FE0000D408DF80B408DF80E400320084C8DF895
:108FF0000A008DF80F5002A92046FEF7D5FA01218C
:109000002046FEF7C0FABDE8FF81000000080140DD
:109010000030014070B5FBF797FF4FF01C150121A0
:109020002846FBF743FF0120FCF776FF294C20463A
:10903000FBF702FF40B901210320FBF779FE204630
:10904000FBF7FAFE0028FAD00020FCF765FF0021AC
:109050002846FBF72BFF01210420FBF769FE1E4C7D
:109060002046FBF7E9FE0128FAD101210846FBF76B
:109070005FFE00BFFBF7F0FE0028FBD001210020BF
:10908000FBF756FE0120FBF7D7FE0128FAD101229B
:1090900017210020FBF72EFF01210220FBF748FEDD
:1090A0001920FBF7C9FE0128FAD10020FBF728FEA2
:1090B0000020FBF735FE0020FBF72AFE0220FBF71D
:1090C00073FF00BFFBF78CFF0228FBD1BDE87040A7
:1090D000FEF7F8BA010020000100240010B586B0A8
:1090E0006846FBF747FE0420019CFEF731FB0A4867
:1090F0000A49B4FBF0F008604FF0E02000218161E4
:109100004FF47A71B4FBF1F1491E4161016941F0FC
:109110000301016106B010BD40420F0008000020AD
:109120007CB56846FCF7B0F901208DF807000024F3
:109130008DF8044008208DF8060080011A4E0425A1
:1091400000908DF8055069463046FCF7D7F90220AB
:109150008DF807008DF8044040028DF8064000901D
:109160008DF8055069463046FCF7C8F90F4C0023CE
:109170001A464FF4E1312046FEF72CFB0121204630
:10918000FEF775FB01212046FEF76CFB002120460F
:10919000FEF74EFB00212046FEF7FBFA0121204698
:1091A000FEF7F2FA7CBD00000008014000380140E3
:1091B00008B50848FFF732F800200090064B074A30
:1091C00007490448FEF706FFBDE808400148FEF7DE
:1091D000ABBE0000401A00204C00002024000020FC
:1091E000005C00402DE9F0474649A1F50B70FEF701
:1091F000FDFD040006D0024642494348F6F7D6FF7B
:1092000042480460424C434B4348228819884FF03F
:1092100000098A4201D149460AE0914201D9891ADE
:1092200006E011B90AB1514202E0C2EB4101491E08
:1092300001600168394D002902DC2978012923D118
:109240000168002901DD01212970016829B985F82B
:109250000090A3F80090A4F8009080464CF2503A99
:1092600021880068564608442D4FB0F5006F12DA89
:10927000D8F80000218882B239442A48FEF7D5FD8B
:10928000012803D0761EF3D2BDE8F0872088D8F8F5
:10929000001008442AE02088C0F500618AB239181D
:1092A0002048FEF7C2FD01280DD0761EF3D25646A7
:1092B00020886A8839181B48FEF7B7FD012814D0AA
:1092C000761EF5D2E0E72188C1F50062D8F80010DB
:1092D000891A6980A4F8009028780128E7D1002233
:1092E00011461048FEF7A1FDE1E768882080287844
:1092F0000128C9D1BDE8F047002211460948FEF710
:1093000094BD00006C1C0020400600206C0300206F
:10931000740300206603002070030020AE030020C9
:1093200040080020401A002010B50120FBF77CFE09
:109330000020FBF76BFEBDE810400320FBF758BE92
:1093400010B50348FFF769FABDE81040FFF74ABFC0
:10935000401A002010B50120FFF72CFC0120FFF778
:1093600021FC40F6FF70FFF72DFCBDE81040FFF731
:1093700011BC00002DE9F041114D5C221149124849
:10938000F6F714FFFBF7D4FF2846FBF76BFF00242A
:109390000D4E6F14284636F81410FBF70BFF032808
:1093A00005D0FBF731FF4FF0FF30BDE8F081641CC2
:1093B000A4B2AD1CBC42EDD3FBF726FF0020F4E7BE
:1093C00000F801086C2E0020401000200003030666
:1093D00001040602050003051F1C1F1E1F1E1F1F80
:1093E0001E1F1E1F000000000102030400000000F9
:1093F0000102030402040608020C08100000000029
:109400000000000001020304060708090000000034
:109410000000000001020304060708090008010912
:10942000020A0304050607000A000F0014001F00CB
:1094300029003E007D00FA00F4013426180ACB0012
:1094400096012C03580600080109020A03040506C8
:109450000D0E0F0007000A000F0014001F00290066
:109460003E007D00FA00F401CB0096012C030001C0
:10947000020304050607080907000A000F0014008C
:109480001F0029003E007D00FA00F4010C0C0E00C4
:10949000010304040306060606060606060000008D
:1094A0000202020303040504040605050606060776
:1094B000060000000607060403040E0C0E0C0C0C3C
:1094C0000C0808090900EE07020406080C10040441
:1094D00001010003010103F03005018105A18105AF
:1094E000F081070181050180053180070180072196
:1094F000800B11800B21800B41800B61800B9180D0
:109500000BB1800DB1800FB1801150801530201546
:10951000507000000000031B000476000601000BE1
:1095200004001304001120001210001F0700200780
:109530000024030046030025000021070022070045
:1095400015210031D000366600376B0038CC003969
:1095500009003CB4003E4200406A0041060042AAB5
:10956000004877004977004A77004B05004F040018
:1095700050D2005E8001031B010476010B08010F2D
:109580000A011900012548012FD00143DA02031B0B
:10959000020476022CC0022D27022E09022F00029F
:1095A000301003031B030476030A0E030BCF030CD6
:1095B00019030D980312020313140316F403170181
:1095C000031FD90090BF3E08D00A8B082A0CC000A8
:1095D000D00A8B081056D7083A0CC0001056D7088E
:1095E000C01C3D094A0CC000C01C3D0940AA980996
:1095F0005A0CC00040AA9809007A030A6A0CC000FD
:10960000007A030A0095BA0A7A0CC000E0325E0CB8
:10961000C0A3D00C2A08B000C0A3D00CA014430DE6
:109620003A08B000A014430D20ABDB0D4A08B0008F
:1096300020ABDB0DA041740E5A08B000A041740E9F
:1096400020D80C0F6A08B00020D80C0F80DF17104C
:109650007A08B000A09BD610C0451B112A06A000B6
:10966000C0451B1140DCB3113A06A00040DCB31129
:1096700080397A124A06A00080397A12C0964013C7
:109680005A06A000C0964013403616146A06A00081
:1096900040361614002A75157A06A0000096511857
:1096A000C065BC181A069000C065BC188047A11997
:1096B0002A0690008047A1194029861A3A06900090
:1096C0004029861A4056B71B4A0690004056B71BE1
:1096D0004083E81C5A0690004083E81C40B0191EE5
:1096E0006A06900040B0191E00BF2F207A06900035
:1096F000809E473080CB78311A02800080CB783151
:10970000008F42332A028000008F423380520C3592
:109710003A02800080520C3580AC6E374A028000DD
:1097200080AC6E378006D1395A0280008006D1396C
:109730008060333C6A0280008060333C007E5F4082
:109740007A0280000600F8060600F8060600F80611
:109750000600F80614C0F91422D4F92230D8F930E2
:109760003EDEF93E0EFF804F128038010980F3097A
:109770000980F3090980F3090980F3091406F0143C
:1097800022C6F1223173F0313FDEF13F0EFFE032AD
:10979000298038010A0000000C0000000F000000C2
:1097A000130000001A000000200000002800000044
:1097B000330000004100000051000000660000007E
:1097C00080000000A2000000CC00000001010000A9
:1097D0004401000097010000010200008502000022
:1097E0002D030000000400000805000057060000DB
:1097F000FB0700000C0A0000A50C0000EE0F0000A3
:109800000B1400003E190000C21F000000280000D9
:1098100024F4000048E8010090D0030020A10700D4
:1098200000007A420000FA4200007A430000FA4346
:10983000050607070809090A0B0B0C0D0E0F11127C
:109840001314151616000000000000000010101080
:109850001000100000282828000000000028287CA4
:10986000287C282800103C503814781000004C2C1C
:1098700010086060003048502054483400301020F8
:109880000000000000081020202010080020100810
:109890000808102000001054385410000000101068
:1098A0007C101000000000000000180810000000EC
:1098B000007C0000000000000000303000000408C0
:1098C000102040000038444C5464443800103010DC
:1098D00010101038003844040810207C007C081058
:1098E0000804443800081828487C0808007C4078A0
:1098F000040444380018204078444438007C0408AC
:10990000102020200038444438444438003844446F
:109910003C040830000030300030300000003030AF
:109920000030102000081020402010080000007CAB
:10993000007C0000002010080408102000384404B7
:109940000810001000384404345C443800102844E7
:10995000447C44440078444478444478003844408B
:10996000404044380070484444444870007C4040C3
:109970007840407C007C4040784040400038444083
:109980005C44443C004444447C444444003810104B
:1099900010101038001C08080808483000444850CF
:1099A00060504844004040404040407C00446C547B
:1099B0005444444400444464544C444400384444B3
:1099C000444444380078444478404040003844449B
:1099D000445448340078444478504844003C404063
:1099E00038040478007C1010101010100044444417
:1099F000444444380044444444442810004444440B
:109A000054545428004444281028444400444444F6
:109A100028101010007C04081020407C0038202002
:109A200020202038000040201008040000380808DA
:109A3000080808380010284400000000000000005A
:109A40000000007C0020100800000000000000382A
:109A5000043C443C004040586444447800000038D2
:109A600040404438000404344C44443C0000003876
:109A7000447C403800382420702020200000003C26
:109A800044443C043840405864444444001000308E
:109A900010101038000800180808084830404048E6
:109AA000506050480030101010101038000000684E
:109AB00054544444000000586444444400000038B6
:109AC0004444443800000058646458404000003466
:109AD0004C4C340404000058644040400000003CFA
:109AE0004038047800202070202024180000004412
:109AF00044444C3400000044444428100000004416
:109B00004454542800000044281028440000004415
:109B100044443C043800007C0810207C00102020C5
:109B20004020201000001010101010100020101005
:109B30000810102000000000205408000000000061
:109B40000000000000000000000000000000000015
:109B500018181818181818000018180000001236E5
:109B60002448000000000000000000000000000089
:109B7000242424FE484848FE4848480000000010BD
:109B800038545450301C1414545438101000000031
:109B900044A4A8A8A8541A2A2A2A440000000000B5
:109BA00030484848506EA494888976000000606070
:109BB00020C00000000000000000000000000204BF
:109BC00008081010101010100808040200004020AF
:109BD00010100808080808081010204000000000B5
:109BE000001010D63838D610100000000000000019
:109BF0000010101010FE10101010000000000000E7
:109C0000000000000000000000606020C0000000B4
:109C100000000000007F00000000000000000000C5
:109C20000000000000000000006060000000000173
:109C30000202040408081010202040400000000028
:109C400018244242424242424224180000000000CE
:109C5000107010101010101010107C000000000088
:109C60003C4242420404081020427E0000000000F2
:109C70003C42420418040202424438000000000042
:109C8000040C14242444447E04041E00000000003C
:109C90007E40404058640202424438000000000008
:109CA0001C24404058644242422418000000000036
:109CB0007E42440808101010101010000000000030
:109CC0003C4242422418244242423C000000000030
:109CD0001824424242261A020224380000000000E2
:109CE0000000001818000000001818000000000014
:109CF00000000018180000001818083000000000CC
:109D00000204081020402010080402000000000097
:109D1000000000FE000000FE000000000000000047
:109D20004020100804020408102040000000000039
:109D30003C424262020408080018180000000000BB
:109D400038445AAAAAAAAAB4424438000000000023
:109D50001010182828243C444242E700000000006C
:109D6000F8444444784442424244F8000000000071
:109D70003E424280808080804244380000000000E3
:109D8000F8444242424242424244F800000000008D
:109D9000FE424848784848404242FE000000000029
:109DA000FE424848784848404040E000000000003B
:109DB0003C44448080808E8444443800000000008D
:109DC000E7424242427E42424242E7000000000037
:109DD0007C1010101010101010107C0000000000FB
:109DE0003E0808080808080808080888F00000006D
:109DF000EE444850705048484444EE0000000000D3
:109E0000E0404040404040404042FE000000000032
:109E1000EE6C6C6C6C5454545454D600000000002A
:109E2000C7626252524A4A4A4646E20000000000B7
:109E3000384482828282828282443800000000009C
:109E4000FC424242427C40404040E00000000000B2
:109E500038448282828282B2CA4C380600000000F6
:109E6000F8444444784848444442E3000000000079
:109E70003E4242402018040242427C0000000000A2
:109E8000FE9210101010101010103800000000008A
:109E9000E74242424242424242423C00000000004D
:109EA000E742424424242828181010000000000033
:109EB000D692929292AAAA6C4444440000000000F8
:109EC000E7422424181818242442E7000000000068
:109ED000EE44442828101010101038000000000034
:109EE0007E840408081020204242FC0000001E105E
:109EF00010101010101010101010101E0000004054
:109F00004020201010080404020202010100780819
:109F10000808080808080808080808780000081455
:109F2000220000000000000000000000000000000F
:109F3000000000000000000000000000FF006010B2
:109F40000000000000000000000000000000000011
:109F5000000000003C421E2242423F000000000080
:109F6000C040404058644242426458000000000033
:109F7000000000001C22404040221C0000000000A5
:109F8000060202021E22424242261B00000000007E
:109F9000000000003C427E4040423C0000000000C7
:109FA0000F1110107E10101010107C000000000027
:109FB000000000003E444438403C42423C00000067
:109FC000C04040405C6242424242E7000000000064
:109FD000303000007010101010107C0000000000E5
:109FE0000C0C00001C040404040404447800000069
:109FF000C04040404E4850684844EE000000000019
:10A00000701010101010101010107C0000000000D4
:10A0100000000000F64949494949ED0000000000F0
:10A0200000000000DC6242424242E7000000000003
:10A03000000000003C42424242423C00000000005E
:10A0400000000000D864424242645840E000000032
:10A05000000000001E22424242261A0207000000B1
:10A0600000000000EE3220202020F8000000000058
:10A07000000000003E42403C02427C000000000024
:10A08000000010107C10101010100C0000000000D8
:10A0900000000000C642424242463B000000000071
:10A0A00000000000E74224242810100000000000F7
:10A0B00000000000D79292AAAA44440000000000C9
:10A0C000000000006E24181818247600000000001C
:10A0D00000000000E742242428181010E0000000CF
:10A0E000000000007E44081010227E0000000304DF
:10A0F0000404040408040404040404030008080815
:10A100000808080808080808080808080800601077
:10A110001010101008101010101010600000000037
:10A1200000000020520C0000000000000000404031
:10A13000404040404040404141414141404040401A
:10A140004040404040404040404040404040050288
:10A1500002020202020202020202020202022020A3
:10A160002020202020202020020202020202029051
:10A17000909090909010101010101010101010105F
:10A1800010101010101010101002020202020288AB
:10A1900088888888880808080808080808080808BF
:10A1A000080808080808080808020202024000001F
:10A1B0002EA10008753D75696E74382C20763D75AA
:10A1C000696E7431362C20773D75696E7433322C8C
:10A1D00020733D696E7433322C20623D7374726952
:10A1E0006E672C203F3D416E797468696E672C2044
:10A1F0002A3D30206F72206D6F7265206F6620706F
:10A20000726576696F75730D0A00000047657420EA
:10A2100043505520494400004765742064657669C1
:10A2200063652049440000004745545F5549440098
:10A230004745545F44455649440000005345545F28
:10A2400044455649440000005345545F4F504D4F1C
:10A250004445000050414E5F52454144524547003D
:10A2600050414E5F57524954455245470000000047
:10A27000524541445F52454700000000575249543F
:10A28000455F52454700000053544F52455F434FCE
:10A290004E46494700000000494E49545F434F4E27
:10A2A000464947004745545F525353490000000058
:10A2B00054585F53545245414D0000004745545F88
:10A2C000584F5452494D00005345545F584F545213
:10A2D000494D00004745545F56455253494F4E0083
:10A2E0004745545F43484950000000004745545FCC
:10A2F00046524551000000005345545F46524551B7
:10A30000000000004745545F504F57455200000081
:10A310005345545F504F57455200000050414E5F27
:10A3200044554D50524547530000000044554D5090
:10A330005F524547530000004745545F4D4F44501E
:10A340004152414D530000005345545F4D4F44501E
:10A350004152414D530000004745545F5041434B2B
:10A360004554504152414D53000000005345545F45
:10A370005041434B4554504152414D530000000061
:10A38000434C525F53544154530000004745545FBF
:10A3900053544154530000004745545F53544154B3
:10A3A000555300004745545F564241540000000099
:10A3B0005245534554000000524144494F5F494EB5
:10A3C0004954000053574545505F52580000000063
:10A3D00053574545505F54580000000053544F50A8
:10A3E0005F54580053544152545F545800000000C9
:10A3F000476574204144432064617461000000009B
:10A4000053746172742F73746F7020545820737476
:10A410007265616D000000005258207363616E0028
:10A420004765742048572F46572076657273696FC9
:10A430006E000000545820737765657000000000BE
:10A44000476574206672657175656E637920736502
:10A450007474696E67730000536574206672657169
:10A4600075656E63792073657474696E6773000037
:10A47000476574204C6F5261206D6F64756C617418
:10A48000696F6E20706172616D6574657273000032
:10A49000536574204C6F5261206D6F64756C6174EC
:10A4A000696F6E20706172616D6574657273000012
:10A4B000476574204C6F5261207061636B65742036
:10A4C000706172616D65746572730000536574200C
:10A4D0004C6F5261207061636B65742070617261B2
:10A4E0006D657465727300004465766963652072FA
:10A4F000657365740000000053746F7020706163B1
:10A500006B6574206275727374000000537461721D
:10A5100074207061636B65742062757273740000DF
:10A52000760000007777777777770000777777770F
:10A530007700000077777777000000007777770063
:10A540007777000077000000000000006CA500088D
:10A5500000000020D00300000C0B000878A70008C2
:10A56000D00300207034000086300008B2644240FE
:10A570001A600763127A33C201120813C93D1B081F
:10A580006B0413413E1B08B3081A8B041ABB041A50
:10A5900029101AC5041AB70C13D0031420995314A8
:10A5A0000849541B0891081A0D081ADD081AE50419
:10A5B0001A110C1A4D041AA10C1A59041312011B7A
:10A5C00002026F153C2E40571D02010203671C0951
:10A5D00002430B1125C03209041B01020B13052491
:10A5E00016100105240110090104240202052406A5
:10A5F000170107058203081CFF090441320A1D07E1
:10A60000058102B52C070501071136040309041260
:10A6100022743320431A8808194E111ACC08321AB2
:10A620001AF80881031A1A0313B0A3140848A514D2
:10A63000082D461408E8A44C0828A2101361431BF7
:10A64000080C0C5AD41013F5421B0820205A301065
:10A6500013F93F1B08180C1A3C041A44101AB14095
:10A6600029105AEC20131D401B0840305AF8201ABC
:10A67000E5201A58105A04701A015029081A1010AF
:10A6800029204BE949105ABC401A218029085AC890
:10A69000404B394A105AA4201A598029085A985018
:10A6A0005A79505A38101A45801A70701A48102A70
:10A6B000341012471B0890106A58F012411B08B062
:10A6C000101A6C101A241013A1481B08CC101AE49D
:10A6D000101A3C101A49B01A0C085ADC301A818042
:10A6E0001AF8201AB0801A201013254C12081910DD
:10A6F0005A8C205A25805A80105BC93EB059101AD6
:10A70000C1201AF00C5A70D04BE945181A7C101A67
:10A7100040081A915029101A2C2429105AFD405A29
:10A7200054204B9544101A601029A05A0D405A1C11
:10A73000B04BED43105A98305AA1101A88102908CE
:10A740001AC5C029085AE0104BA13F085AB8A05AB0
:10A75000B1505A48A04B5948101AD0201A2C08134F
:10A760009D4B1B0834F05AC4101A01101A1810011E
:08A7700054021B64B2FF00005B
:04000005080001717D
:00000001FF
