:020000040800F2
:1000000080200020890100088B1300087B0A00086B
:10001000891300085D0A000887240008000000001A
:10002000000000000000000000000000591400085B
:100030005F0A000800000000BF130008BD2300088D
:10004000A3010008A3010008A3010008A301000800
:10005000A3010008A3010008610A0008A301000829
:10006000A3010008A3010008A3010008A3010008E0
:10007000A3010008A3010008A3010008A3010008D0
:10008000A3010008A30100085B0A0008A3010008FF
:10009000A3010008A3010008A3010008A3010008B0
:1000A000A3010008A3010008A3010008A3010008A0
:1000B000A3010008A3010008A3010008A301000890
:1000C000A3010008A3010008A3010008A301000880
:1000D000A301000881240008A3010008A30100086F
:1000E000A3010008A3010008A3010008A301000860
:1000F000A3010008A3010008A301000800000000FC
:1001000000000000A3010008A30100080000000097
:10011000A3010008A3010008000000000000000087
:10012000A3010008A3010008A3010008A30100081F
:1001300000000000000000000000000000000000BF
:1001400000000000000000000000000000000000AF
:10015000A3010008A3010008A3010008A3010008EF
:10016000A3010008A301000883240008A3010008DC
:10017000DFF810D000F026FC00480047BD5600080C
:10018000AFF30080802000200648804706480047E3
:10019000FEE7FEE7FEE7FEE7FEE7FEE7FEE7FEE737
:1001A000FEE7FEE7292400087101000810B5431A94
:1001B000934209D28318881803E010F8011D03F850
:1001C000011D521EF9D210BD40EA01039B0703D066
:1001D00009E008C9121F08C0042AFAD203E011F886
:1001E000013B00F8013B521EF9D210BD30B5054667
:1001F0002A460B4612F8010B13F8014B08B1A04236
:10020000F8D01CB1002802D06D1CF1E7284630BDA3
:10021000421C10F8011B0029FBD1801A704710B551
:10022000002200E0521C835C8C5CA34201D1002BB5
:10023000F8D1D8B2E1B2401A10BD30B503461D78EE
:100240003DB10A4612F8014B1CB1AC42FAD15B1C1D
:10025000F5E7181A30BD30B50546002008E00A461B
:1002600002E0A34207D0521C1378002BF9D1401CA6
:100270002C5C002CF3D130BD2DE9F0410E46054633
:10028000002400E0641C285D00F0BAFA0746305DE7
:1002900000F0B6FA381A02D1295D0029F2D1BDE882
:1002A000F0812DE9F04791460F468046044600262E
:1002B00014F8015B2DB100F09FFA0068405DC007A3
:1002C000F6D12B2D02D02D2D18D0641E4A4639466A
:1002D000204600F09BFA27B13968A14201D1C7F846
:1002E000008071054FF002040BD54042002803DD69
:1002F00002F0F2F80460A007BDE8F08746F48066DB
:10030000E4E70028F8DA02F0E7F804606FF0004054
:10031000F2E72DE9F05F93460F468046044600263B
:1003200002F0DAF8D0F80090824614F8015B2DB1A3
:1003300000F062FA0068405DC007F6D12B2D02D0B4
:100340002D2D1AD0641E0021CAF800105A463946D5
:10035000204600F05BFA014627B13868A04201D17F
:10036000C7F80080DAF80000022809D0CAF8009027
:10037000700505D54842BDE8F09F46F48066E2E787
:100380000846F8E72DE9FE4F804681EA0300C00FDA
:100390000C46009021F0004123F00045B8EB02002C
:1003A000A94105D24046214690461C460B460246CE
:1003B00023F00040104347D0270DC7F30A00C3F3D2
:1003C0000A510290401A019040286BDAC3F31300DF
:1003D00040F4801B0098924620B10023D2EB030A20
:1003E00063EB0B0B01985946C0F14002504600F0F8
:1003F000D1F906460D4650465946019A00F0E9F9F2
:1004000010EB08006141002487EA115284EAE77387
:100410001A4340D0009A62B3019A012A4FEA075268
:1004200015DC001B61EB02014FF0004202EA0752AB
:10043000CDE90042001C41F5801132462B4600F008
:1004400043FA03B0BDE8F08F40462146F9E7001BB0
:1004500061EB0201001C41F5801300185B4120187C
:10046000A2F5001747EB030140EAD570B6196D41BC
:1004700011E06D084FEA360645EAC0754FEA0752AB
:10048000001B61EB0201001C41F5801149084FEA95
:1004900030000019514132462B4603B0BDE8F04F01
:1004A00000F003BA0098012240000023D0EB0202C2
:1004B00063EBE073009821464FEAE074B8EB00006C
:1004C00061EB0401E9E783F000435BE781F0004161
:1004D00058E72DE9FE4F81EA030404F0004421F0BF
:1004E000004100944FF0000B23F0004350EA010458
:1004F0005ED052EA03045BD0C3F30A54C1F30A5539
:100500002C44A4F2F3340194A0FB0254C1F3130170
:1005100041F48011C3F3130343F4801301FB02443D
:1005200000FB034E840A970A44EA815447EA835742
:10053000A4FB076802958D0A05FB07854FEA932CFB
:1005400004FB0C542705029D4FEA065847EA16376C
:10055000B5EB08056EEB070C870E920E47EA811784
:1005600042EA8312A7FB0201B6EB0B0164EB000425
:100570002B0D43EA0C335E1844EB1C50DA4651460F
:10058000E7FB0201C5F313044FEA0B3343EA1453AC
:100590004FEA0432019C43EA0603A4F10C040294DE
:1005A000009CCDE900B400F08FF903B0BDE8F08FF6
:1005B00000200146F9E72DE9F04D81EA030404F03B
:1005C000004B21F0004514464FF0000A23F0004193
:1005D00050EA050220D054EA01021DD0C5F30A57A3
:1005E0000246C5F31303C1F31300C1F30A5640F4E6
:1005F000801543F48013A7EB0608101BD64608F2BB
:10060000FD3873EB050002D308F1010801E09218F0
:100610005B41B8F1000F03DA00200146BDE8F08D20
:1006200000204FF48011064684460EE0171B73EB42
:10063000050705D3121B63EB050306434CEA010CC7
:1006400049084FEA300092185B4150EA0107EDD1AA
:1006500052EA030012D082EA040083EA050108434B
:1006600005D0101BAB4106D20122002306E0002278
:100670004FF0004302E06FF0010253101AEB060046
:100680004CEB085110EB0A0041EB0B01BDE8F04DBB
:1006900000F00BB90EB540F2334102910021CDE9D3
:1006A00000110A460B4600F00FF903B000BDC1F37C
:1006B0000A5210B5C1F3130140F2FF3341F4801127
:1006C0009A4201DA002010BD40F233439A42A2F26E
:1006D000334203DC524200F06CF810BD904010BD74
:1006E00000F0004230F000400AD0C10D01F5607109
:1006F000C0F3160042EA0151C20840071143704797
:1007000000200146704730B50B46014600202022EC
:10071000012409E021FA02F59D4205D303FA02F50E
:10072000491B04FA02F52844151EA2F10102F1DC6E
:1007300030BD2DE9F05F0546002092469B46884675
:100740000646814640241BE028464146474622464D
:1007500000F02FF853465A46C01A914110D3114663
:100760001846224600F016F82D1A67EB01084F468E
:1007700022460120002100F00DF817EB00094E4140
:10078000201EA4F10104DFDC484631462A464346D8
:10079000BDE8F09F202A04DB203A00FA02F1002095
:1007A00070479140C2F1200320FA03F319439040AF
:1007B0007047202A04DB203A21FA02F0002170471A
:1007C00021FA02F3D040C2F12002914008431946B9
:1007D0007047202A06DBCB17203A41FA02F043EAA1
:1007E000E07306E041FA02F3D040C2F120029140EA
:1007F000084319467047000000487047B089000858
:10080000A0F14101192900D8203070472DE9F05F8F
:1008100082460078002715468B460AF10104B94646
:10082000302801D09DB113E014F8010B012778287E
:1008300003D0582801D045B10AE00DB1102D07D1E1
:100840000027102514F8010B02E0082500E00A2516
:100850000026B0460EE005FB080005FB06F1012767
:1008600001EB10461FFA80F8B6F5803F00D3B94679
:1008700014F8010B294600F0B7F80028EBDABBF1B9
:10088000000F05D00FB1641E00E05446CBF80040C5
:10089000B9F1000F06D001F01FFE02210160C81E51
:1008A000BDE8F09F48EA0640FAE710B5141E73F160
:1008B000000408DA401C41F1000192185B411A4320
:1008C00001D120F0010010BD2DE9F04D92469B466C
:1008D00011B1B1FA81F202E0B0FA80F22032904612
:1008E000FFF758FF04460F4640EA0A0041EA0B01B1
:1008F00053465A46084313D0114653EA010019D013
:10090000C8F140025046FFF754FF05460E465046D8
:1009100059464246FFF73EFF084305D0012004E058
:1009200020463946BDE8F08D0020054346EAE076D2
:100930002C4337430A986305E40AA0EB0800002221
:10094000FD0A44EA47540A3002D500200146E9E78F
:10095000010510196941DDE9084500196941BDE843
:10096000F04DA2E7C1F30A52C1F3130140F2FF3385
:1009700041F480119A4202DA00200146704740F2A9
:1009800033439A42A2F2334202DC5242FFF711BFD4
:10099000FFF700BF30B5041E71F1000404DB4FF017
:1009A0000044404264EB0101141E73F1000405DBB6
:1009B0001C464FF00043524263EB0403994208BFC8
:1009C000904230BD064C074D06E0E06840F0010360
:1009D00094E8070098471034AC42F6D3FFF7CCFBFD
:1009E0001C9000083C9000083A2800D2303820F0D3
:1009F0002002412A01D3A2F13700884201D34FF0EF
:100A0000FF30704770B58C1810F8015B15F00703C4
:100A100001D110F8013B2A1106D110F8012B03E097
:100A200010F8016B01F8016B5B1EF9D12B0705D49F
:100A30000023521E0DD401F8013BFAE710F8013BE8
:100A4000CB1A921C03E013F8015B01F8015B521E04
:100A5000F9D5A142D8D3002070BD7047FEE770479A
:100A600010B5012004F0B0FB012805D104F0A6FB6D
:100A7000BDE8104005F0E8BB10BDFEE713B501234B
:100A800001AA40F2111100F051FC1CBD00231A46CE
:100A90004FF4877100F04ABC08B50A0E8DF80020AB
:100AA0000A0C8DF801200A0A8DF802208DF8031037
:100AB00004236A464FF48A7100F038FC08BD07B57C
:100AC0009DF80410022902D902218DF8041022B1E8
:100AD000C9B241F004018DF80410012301AA4FF4BA
:100AE0008B7100F023FC0EBD0EB5022202A9CDE9E8
:100AF000001200231A4640F2052100F0AFFB9DF8DA
:100B000009000EBDF0B585B015460E46092202A9B2
:100B10000A9FCDE900121C4600231A4640F201212B
:100B200000F09CFB9DF80A009DF8091000EB0120E5
:100B300030809DF80C009DF80B1000EB0120288000
:100B40009DF80E009DF80D1000EB012020809DF80F
:100B500010009DF80F1000EB0120388005B0F0BDAB
:100B600000231A464FF4007100F0E0BB09488142AF
:100B700001D809490AE00748C043084407498842A8
:100B800002D80549143101E003492831002000F062
:100B90006CB9000000879303F0880008FF3A5808FA
:100BA0002DE9FC411F2ADDE90941DDE90B76089DAD
:100BB00000D91F221F2B00D91F231F2D00D91F254D
:100BC0001F2C00D91F241F2900D91F218DF80020B8
:100BD0008DF801308DF805108DF802508DF80670F3
:100BE0008DF803408DF8076008236A464FF4897139
:100BF00000F09CFBBDE8FC811CB50B0E8DF80030AD
:100C00000B0C8DF801300B0A8DF802308DF80310B3
:100C1000110E8DF80410110C8DF80510110A8DF8C5
:100C200006108DF8072008236A4640F2131100F0E1
:100C30007DFB1CBD00231A4640F21D1100F076BB5F
:100C40003EB50D0E8DF80050069C0D0C8DF8015030
:100C50000D0A8DF804208DF802508DF803108DF8E0
:100C60000530210E8DF80610210C8DF80710210A91
:100C70008DF808108DF809400A236A4640F20F21CA
:100C800000F054FB3EBDFEB50DF1200E9EE8F010C5
:100C90004FEA112E8DF800E08DF801108DF802203A
:100CA0008DF804408DF805508DF803308DF80660FE
:100CB0008DF807708DF808C009236A464FF4047157
:100CC00000F034FBFEBD1CB50B0E8DF800300B0C94
:100CD0008DF801300B0A8DF802308DF80310110EDB
:100CE0008DF80410110C8DF80510110A8DF80610FE
:100CF0008DF8072008236A464FF4097100F016FBAF
:100D00001CBD0A46082340F2062100F00FBB08B5BF
:100D10000A0A8DF800208DF8011002236A4640F27D
:100D2000252100F003FB08BD38B50529049C00D23D
:100D30000521D51F062D01D2062202E00F2A00D977
:100D40000F225BB1072B00D907238DF800108DF817
:100D500001208DF802301CB1012102E00123F4E7EB
:100D600000218DF8031004236A4640F20F2100F0A1
:100D7000DDFA38BD7CB50025DDE906430095019517
:100D80000D0A8DF800508DF8011001210AB18DF87F
:100D900002100CB18DF803100BB18DF8041005236F
:100DA0006A464FF4047100F0C1FA7CBD13B501230B
:100DB00001AA40F22B2100F0B9FA1CBD38B5022976
:100DC000049C00D90221012A00D90122072B00D955
:100DD00007238DF800108DF801208DF802308DF872
:100DE000034004236A4640F2152100F09FFA38BD03
:100DF00008B502238DF800108DF801206A4640F2F4
:100E0000122100F093FA08BD13B59DF804100429CF
:100E100002D904218DF80410012301AA40F20E2109
:100E200000F084FA1CBD08B500228DF8002011B135
:100E300001218DF8001001236A464FF4887100F0FB
:100E400075FA08BD08B50A0E8DF800200A0C8DF859
:100E500001200A0A8DF802208DF8031004236A4647
:100E600040F20B2100F062FA08BD0EB54A7802F09C
:100E70000F030A7863F31F128DF80020CA7802F07E
:100E80000F038A7863F31F128DF801204A7902F06C
:100E90000F030A7963F31F128DF80220CA7902F05A
:100EA0000F038A7963F31F128DF803204A7A02F048
:100EB0000F030A7A63F31F128DF80420CA7A02F036
:100EC0000F038A7A63F31F128DF805204A7B02F024
:100ED0000F030A7B63F31F128DF80620CA7B02F012
:100EE0000F038A7B63F31F128DF807200A7C0B2304
:100EF00002F00F028DF808204A8A120A8DF80920A4
:100F0000897C8DF80A106A4640F2292100F00EFA19
:100F10000EBD08B5B1F1807F01D36FF07F410A0C9F
:100F20008DF800200A0A8DF801208DF802100323A5
:100F30006A4640F2092100F0F9F908BD08B500221F
:100F40008DF8002011B101218DF8001001236A46AF
:100F500040F2272100F0EAF908BD13B59DF804100E
:100F6000032902D903218DF80410012301AA40F2BC
:100F7000132100F0DBF91CBD1CB5032900D90321A6
:100F80008DF80010110E8DF80110110C8DF8021063
:100F9000110A8DF803108DF8042005236A4640F2EB
:100FA0001B1100F0C3F91CBD13B59DF8041011B15D
:100FB00001218DF80410012301AA4FF48E7100F075
:100FC000B5F91CBD08B5072900D90721B2F1807F0A
:100FD00001D36FF07F428DF800108DF801200423BB
:100FE0006A4640F2171100F0A1F908BD08B5B1F149
:100FF000807F01D36FF07F410A0C8DF800200A0A30
:101000008DF801208DF8021003236A4640F20A2170
:1010100000F08CF908BD00231A4640F2192100F0B7
:1010200085B900231A4640F21A2100F07FB908B5AD
:1010300002238DF800108DF801206A4640F211213C
:1010400000F074F908BD000070B542F21074064D4E
:1010500004E00421284604F0F8FA18B12046641E82
:10106000F7D270BD012070BD0008014010B588B0F6
:101070004FF4967004F070F801210020FFF7D3FEC2
:1010800000210846FFF790FF0A2004F065F801AC44
:10109000082304220021012084E80F0003200A46CF
:1010A000009002230F210020FFF77AFD0122114654
:1010B0000020FFF704FD4FF4A07202210020FFF78B
:1010C00081FF0020FFF7E2FC3F210020FFF7D6FC64
:1010D0000020FFF7DBFC6FF077410020FFF7DCFC1E
:1010E00001210020FFF760FF3C4C6079062804D006
:1010F00001282FD0042008B010BD02210020FFF7E6
:1011000083FE94F8830000B10120009094F88230AF
:1011100014F8802F00206178FFF706FE207B803CCA
:1011200000B1012094F88B1001B10121CDE900102C
:1011300094F88A3094F8860008B1012200E0002279
:1011400034F8841F0020FFF715FE21790020FFF7F7
:101150002DFE3EE001210020FFF756FE54F8CC0F93
:10116000009014F8043C14F8032C54F8081C0020D8
:10117000FFF766FD207F0DF1040C94F82430A27F68
:10118000617F8CE80F00207E0090E379A279A1882E
:101190000020CC3CFFF777FD002005A9221892F82B
:1011A000D4200A54401CC0B20828F7D30020FFF70F
:1011B000A8FD94F8E72014F8E61F0020FFF718FEBA
:1011C0002289E1880020FFF77EFDE17A0020FFF709
:1011D0009EFD00F005F800208DE700006417002058
:1011E00038B51C4C0020A168FFF72CFE1A49A068F6
:1011F00088420AD900200346024602210090FFF7E8
:10120000DDFD227F94F918100AE0072001220090EA
:10121000042311460020FFF7D1FD627F94F91910D5
:101220000020FFF704FF3F210020FFF727FC0020EC
:10123000A168FFF79BFC00228C211046FFF7DCFC25
:1012400002210020FFF789FEBDE83840012100207F
:10125000FFF774BE6417002080D99F382DE9F0474E
:101260001F46DDE9089690460C468246FFF7ECFEE5
:101270001A4D0821284604F053F9200A05F044FCD1
:10128000E0B205F041FC002406E000BF18F80400BD
:1012900005F03AFC641CE4B2BC42F7D308212846AE
:1012A00004F040F95046FFF7CFFE0821284604F02D
:1012B00037F9002406E0002005F026FC09F80400B8
:1012C000641CE4B2B442F6D30821284604F02AF99B
:1012D0005046BDE8F047FFF7B7BE000000080140E8
:1012E000082818D2DFE800F004090B0F12171B1EA4
:1012F000002211461046FFF73FBE002100E0012109
:101300000020FFF751BE0020FFF794BC6FF07F4133
:101310000020FFF76BBE00210846FFF7FABD002052
:10132000FFF779BE0020FFF77CBE00002DE9F047F3
:101330001E4617460D468146FFF786FEDFF84480BD
:101340000821404604F0ECF8280A05F0DDFBE8B27D
:1013500005F0DAFB002404E0385D05F0D5FB641CE1
:10136000E4B2B442F8D30821404604F0DBF8A5F516
:1013700080701B3804D04846BDE8F047FFF764BED4
:10138000BDE8F08700080140FEE7704730B500F087
:101390000703C3F10704042C00D90424181D0728EF
:1013A00001D2002300E0DB1E012505FA04F0401EF7
:1013B000084098409D406D1E1540284330BD704741
:1013C00010B500234FF48062194603484FF0FF30F8
:1013D00002490120087010BDC00400206C040020E8
:1013E00070B50E4C4FF0FF35207808B9FFF7E8FFD5
:1013F000A168002000290EDD094962688D5C6168E2
:10140000491C61606168B1F5007F00D16060A0682F
:10141000401EA06000E06060284670BD6C040020A3
:10142000640B002070B50A4C0546207808B9FFF718
:10143000C7FF0848E1684554E068401CE060E06888
:10144000B0F5007F01D10020E060284670BD0000AB
:101450006C040020640D0020704708B500218DF851
:1014600000108DF8011002236A46072100F0C8FC25
:1014700008BD08B50A0A8DF800208DF80110022376
:101480006A46194600F0BCFC08BD000010B50021FA
:1014900086B0084600F0D8FA1F4CD4F8CC00009073
:1014A00094F8C83094F8C92054F8C41F002000F004
:1014B000C1F994F82C00C43C08B1012200E00022DC
:1014C00094F8EA0094F8E91094F8E83003B10123A5
:1014D000CDE902100193049294F8E400009094F88E
:1014E000D33094F8D22034F8D01F002000F0E2F975
:1014F00009490020D43100F019FAE27DA17D0020D5
:1015000000F054F994F82130E28BA18B06B0002052
:10151000BDE8104000F05AB9641700202DE9FC41E5
:101520001C4615460E4607236A461021089F00F008
:10153000B9FB9DF8000030709DF802009DF8011085
:1015400000EB012028809DF804009DF8031000EBBB
:10155000012020809DF806009DF8051000EB012079
:101560003880BDE8FC81F8B51C4615460E460423BC
:101570006A461421069F00F095FB9DF8000030702C
:101580009DF8010028709DF8020020709DF803006E
:101590003870F8BD08B503236A46122100F082FBBB
:1015A0009DF802009DF8011000EB012080B208BDFB
:1015B000F8B51C4615460E4604236A461421069FBC
:1015C00000F070FB9DF8000030709DF8010028705D
:1015D0009DF8020020809DF803003870F8BD08B522
:1015E00002236A46152100F05DFB9DF8010008BD4D
:1015F000F8B51C4615460E4603236A46132100F033
:1016000051FB9DF8000030709DF8010028709DF896
:1016100002002070F8BD40F6AC0309B1962200E04C
:101620009422194600F016BC1CB50121002000F0E0
:101630000BFA184C002094F8823014F8802F61784F
:1016400000F083F9207B803C00B1012094F88B10DE
:1016500001B10121CDE9001094F88A3094F8860098
:1016600008B1012200E0002234F8841F002000F0BD
:101670009BF9A0884FF4E861020A002000F0EAFB21
:10168000227902B040F24171BDE81040002000F024
:10169000E1BB0000641700202DE9FC411C46154603
:1016A0000E4607236A461021089F00F0FBFA9DF8BA
:1016B000000030709DF802009DF8011000EB012041
:1016C00028809DF804009DF8031000EB0120208085
:1016D0009DF806009DF8051000EB01203880BDE85C
:1016E000FC811CB50021009106236A46019100F09F
:1016F00087FB1CBD08B502238DF800108DF8012072
:101700006A468F2100F07CFB08BD10B5044600F04E
:1017100028FB00232046BDE810401A46D12100F0E6
:101720006FBB08B500228DF8002011B101218DF8A2
:10173000001001236A469D2100F062FB08BD08B538
:10174000B2F1807F8DF8001001D36FF07F42110C51
:101750008DF80110110A8DF802108DF80320042372
:101760006A46972100F04CFB08BD7CB50D0A8DF848
:1017700000508DF80110110A8DF80210069C190A0C
:101780008DF804108DF80530210A8DF806108DF8BB
:10179000032008238DF807406A46194600F030FB05
:1017A0007CBD00231A46C12100F02ABB70B5144647
:1017B0000A46054640F2CD6100F04CFB2246284621
:1017C000BDE8704040F2CE6100F044BB2DE9F0412D
:1017D00015460F460A0A1C46064640F2BC6100F058
:1017E00039FBFAB240F2BD61304600F033FB2A0A01
:1017F00040F2BE61304600F02DFBEAB240F2BF611C
:10180000304600F027FB4FF4D7652946304600F0FC
:101810006FFA20F00102C4F300200243294630464B
:1018200000F018FBE2B2691C3046BDE8F04100F060
:1018300011BB00002DE9FC411D4C4FF08077B4FB3B
:10184000F1F1089E7D1E81B3B94200D3294643F6CB
:101850000954B6FBF4FC04FB1C6C41F6846E0EEBE1
:101860008C3CBCFBF4FCB6FBF4F40CEB8434BC42C3
:1018700000D32C460D0C8DF800500D0A8DF8015048
:101880008DF802108DF80430210C8DF80510210A16
:101890008DF806108DF803208DF8074008236A465E
:1018A0008B2100F0ADFABDE8FC81FFE70121CEE716
:1018B0000000093DFEB5DDE9084CDDE90B650A9F36
:1018C00001B901214FEA112E8DF800E08DF80110C9
:1018D000511E032901D2042202E0072A00D907225F
:1018E0008DF80220402B00D940238DF80330022CC4
:1018F00000D90224012100228DF80440BCF1000F20
:1019000002D08DF8051001E08DF805208DF80670E5
:101910008DF8076015B18DF8081001E08DF80820EA
:1019200009236A468C2100F06BFAFEBD70B50D46A6
:101930000646002404F5D8612A5D304600F08AFA94
:10194000641CE4B2082CF5D370BDF8B51446054606
:10195000052901D2052102E00C2900D90C218DF8BE
:1019600000108DF801408DF802300A2901D90120BC
:1019700000E000208DF8030004236A468B212846EE
:1019800000F03EFA40F689063146284600F0B0F9EC
:10199000062C06D040F004023146284600F05AFAE0
:1019A000F8BD00F0FB02F7E77CB50546DDE906640B
:1019B00001B90121080A8DF800008DF801100120FD
:1019C000002112B18DF8020001E08DF802108DF8AF
:1019D000033016B18DF8040001E08DF8041014B145
:1019E0008DF8050001E08DF8051006236A468C216C
:1019F000284600F005FA40F236763146284600F0D7
:101A000077F914B100F0FB0201E040F00402314626
:101A1000284600F01FFA7CBD08B5072A8DF8001093
:101A200000D907228DF80120012113B18DF8021091
:101A300002E000228DF802208DF8031004236A468C
:101A4000952100F0DDF908BD13B5012301AA8A2113
:101A500000F0D6F91CBD08B50A0E8DF800200A0C5E
:101A60008DF801200A0A8DF802208DF80310042356
:101A70006A46862100F0C4F908BD38B50C46054613
:101A800000F06EF9B4F1807F01D36FF07F44200C39
:101A90008DF80000200A8DF801008DF80240032324
:101AA0006A468221284600F0ABF938BD08B500230C
:101AB0008DF8003011B101218DF800102AB19DF888
:101AC000001041F004018DF8001001236A468421C2
:101AD00000F096F908BD13B59DF8041011B101216D
:101AE0008DF80410012301AA802100F089F91CBDA2
:101AF00038B50C46054600F034F9B4F1807F01D3C7
:101B00006FF07F44200C8DF80000200A8DF8010052
:101B10008DF8024003236A468321284600F070F9BD
:101B200038BD10B5044600F01CF900232046BDE87E
:101B300010401A46D22100F063B938B504468DF83A
:101B400000108DF8012002236A468E2100F058F91A
:101B500040F6D8052946204600F0CAF840F01E029B
:101B60002946204600F076F938BD000070B5074CD4
:101B7000074D04E00421284603F067FD18B1204614
:101B8000641EF7D270BD012070BD000040420F00FE
:101B90000008014010B54FF47A7202210020FFF7CF
:101BA000CEFD08484079062803D0012804D004203F
:101BB00010BDFFF739FD01E0FFF768FC00F004F805
:101BC000002010BD6417002038B51D4CA068FEF73A
:101BD00061FD9FED1C1B53EC112BFEF7ECFCFEF797
:101BE00066FD01460020FFF736FF00221146104631
:101BF000FFF780FD0023072204211846FFF70CFFA2
:101C0000382240F6E701002000F024F9227F217EEF
:101C10000020FFF792FF01210020FFF7FCFC0121CB
:101C20000020FFF77EFD00200346032243210090A1
:101C3000FFF79BFDBDE83840052000F093B8000099
:101C400064170020000000008084EE3F2DE9F04181
:101C50001D4616460C468046FFF788FF104F0821A8
:101C6000384603F05DFC1E2004F04EFF204604F0D1
:101C70004BFFFF2004F048FF002405E0FF2004F0A4
:101C800043FF3055641CE4B2AC42F7D30821384618
:101C900003F048FC4046BDE8F041FFF767BF000095
:101CA000000801402DE9F0411D4616460C468046CD
:101CB000FFF75CFF0D4F0821384603F031FC20464A
:101CC00004F022FF002405E0FF2004F01DFF305542
:101CD000641CE4B2AC42F7D30821384603F022FC7E
:101CE0004046BDE8F041FFF741BF00000008014059
:101CF00008B501236A4600F003F89DF8000008BD0E
:101D00002DE9F0471D46164681460F0ACCB2FFF773
:101D10002DFFDFF848800821404603F001FC1D201C
:101D200004F0F2FE384604F0EFFE204604F0ECFE2C
:101D3000FF2004F0E9FE002405E0FF2004F0E4FEAB
:101D40003055641CA4B2AC42F7D30821404603F0DE
:101D5000E9FB4846BDE8F047FFF708BF000801402F
:101D600070477047082818D2DFE800F004090B0F0D
:101D700012171B1E002211461046FFF797BE0021C6
:101D800000E001210020FFF7A6BE0020FFF709BDFB
:101D90006FF07F410020FFF7ABBE00210846FFF740
:101DA0006CBE0020FFF7B1BC0020FFF7BABE0000F8
:101DB0002DE9F0411D4616460C468046FFF7D6FE3B
:101DC0000E4F0821384603F0ABFB0E2004F09CFEBA
:101DD000204604F099FE002404E0305D04F094FEF7
:101DE000641CA4B2AC42F8D30821384603F09AFB35
:101DF0004046BDE8F041FFF7B9BE000000080140D1
:101E00002DE9F0471E4617460D468146FFF7AEFE08
:101E1000DFF83C800821404603F082FB284604F0AE
:101E200073FE002404E0385D04F06EFE641CE4B22E
:101E3000B442F8D30821404603F074FB842D04D04B
:101E40004846BDE8F047FFF791BEBDE8F0870000C7
:101E50000008014007B5012302AA00F001F80EBDF9
:101E60002DE9F0471D4616468146CCB20F0AFFF712
:101E70007DFEDFF840800821404603F051FB0D2035
:101E800004F042FE384604F03FFE204604F03CFEDB
:101E9000002404E0305D04F037FE641CE4B2AC4280
:101EA000F8D30821404603F03DFB4846BDE8F04723
:101EB000FFF75CBE000801402DE9FC410DF1200850
:101EC00098E8F0008DF800108DF801208DF804508E
:101ED0008DF802308DF805608DF803408DF806709E
:101EE000694600F07AF8BDE8FC8100F064B806238A
:101EF0000A461D2100F0C0B908B502236A461F2119
:101F000000F0BAF99DF8010008BD7CB50D461446F5
:101F10006946FFF7ECFF9DF8010028709DF802006C
:101F200020807CBD00F047B87CB5DDE906458DF822
:101F300000108DF8045000218DF801208DF8061056
:101F40008DF802308DF805108DF80340694600F0D9
:101F500044F87CBD08B502238DF800108DF80120EF
:101F60006A468F2100F0D4F908BD00231A46D1211A
:101F700000F0CEB97CB50D0A8DF800508DF8011037
:101F8000110A8DF80210069C190A8DF804108DF8BC
:101F90000530210A8DF806108DF803208DF80740D2
:101FA00008236A468D2100F0B3F97CBD00231A4650
:101FB000C12100F0ADB908B58DF800108DF80120F1
:101FC0008DF8023003236A468B2100F0A1F908BD89
:101FD00000231A46D22100F09BB907230A468C2120
:101FE00000F096B913B59DF80410042902D9042114
:101FF0008DF80410012301AA8A2100F089F91CBD83
:1020000013B501239DF8041001AA01F001018DF818
:102010000410962100F07CF91CBD08B50A0C8DF85F
:1020200000200A0A8DF801208DF8021003236A4669
:10203000862100F06DF908BD08B503238DF8001066
:10204000110A8DF801108DF802206A46822100F0F5
:102050005FF908BD08B500228DF8002011B10121FB
:102060008DF8001001236A46842100F051F908BD63
:1020700008B500228DF8002011B101218DF8001063
:1020800001236A46802100F043F908BD08B5032307
:102090008DF80010110A8DF801108DF802206A46A3
:1020A000832100F035F908BD08B50D2901DD0D21AA
:1020B00004E06FF01103994200DA194612318DF8ED
:1020C00000108DF8012002236A468E2100F020F9CD
:1020D00008BD000070B5074C074D04E004212846F8
:1020E00003F0B3FA18B12046641EF7D270BD012088
:1020F00070BD000040420F000008014010B588B0DC
:1021000001210020FFF77CFF454C6079062804D0B0
:1021100001283BD0042008B010BD01210020FFF7AA
:1021200061FF94F8823014F8802F60780007010E68
:102130000020FFF7F7FEA079803C08B35FF0800233
:1021400094F88B0001281DD05FF0000094F88C10EB
:10215000012919D05FF04001CDE9000194F88A30DF
:1021600014F8841F0020FFF7DFFEA08802AA010AEE
:102170008DF808108DF80900022340F6441148E05C
:102180000022DDE72020E1E70021E5E7D4F8C400E4
:1021900054F8CC2F4100B1FBF2F1CAB2C1B214F82D
:1021A000033C0020FFF7A1FE207F94F82430A27F9B
:1021B000617F8DE80F00637EE27921790020CC3CBD
:1021C000FFF77AFE002004A9221892F8D4200A54BE
:1021D000401CC0B20F28F7D30A460F2340F6CE1199
:1021E000002000F0BFF894F8F1008DF81000B4F86A
:1021F000EE0004AA010A8DF811108DF81200B4F84F
:10220000EC008DF81400010A8DF81310052340F638
:10221000C511002000F0A6F800F004F800207AE7CD
:102220006417002038B5114CA068FEF733FA9FED13
:10223000101B53EC112BFEF7BEF9FEF738FA0146DE
:102240000020FFF7EAFE002180220846FFF782FE09
:10225000227F94F918100020FFF726FF0020034684
:10226000032243210090FFF785FE38BD641700204C
:1022700000000000A8CB68402DE9F0411D4616463D
:102280000C468046FFF726FF0D4F0821384603F025
:1022900047F9204604F038FC002405E0FF2004F054
:1022A00033FC3055641CE4B2AC42F7D30821384605
:1022B00003F038F94046BDE8F041FFF70BBF0000DE
:1022C00000080140082817D2DFE800F004080A0ED1
:1022D00011161C1F00210846FFF7BCBE002100E0BC
:1022E00001210020FFF7C4BE0020FFF75FBE0022DF
:1022F00011461046FFF7CABEFF214FF6FF720020BD
:10230000FFF79ABE0020FFF730BE0020FFF760BE47
:102310002DE9F0471E4617460D468146FFF7DAFEC7
:10232000DFF83C800821404603F0FAF8284604F024
:10233000EBFB002404E0385D04F0E6FB641CE4B22F
:10234000B442F8D30821404603F0ECF8842D04D0C1
:102350004846BDE8F047FFF7BDBEBDE8F087000086
:10236000000801402DE9F0471D4616468146CCB2D3
:102370000F0AFFF7AFFEDFF840800821404603F068
:10238000CFF8182004F0C0FB384604F0BDFB20460F
:1023900004F0BAFB002404E0305D04F0B5FB641CDB
:1023A000E4B2AC42F8D30821404603F0BBF84846FB
:1023B000BDE8F047FFF78EBE0008014011480078E5
:1023C000012210B91048007850B110480168491E28
:1023D0000160016821B90E49096801600D48027069
:1023E0000D48007800280BD00C480D4B0168491CA3
:1023F00001601B68994203D3002101600948027003
:10240000704700008404002085040020B0040020F0
:10241000B4040020860400207C040020BC040020BA
:10242000940400207D0400201248016841F47001EA
:1024300001601148016841F00101016001688907EC
:10244000FCD5416821F003014160416811F00C0F97
:10245000FBD10168094A114001600021416001631C
:102460004FF41F01816003494FF00060803908601C
:102470007047000088ED00E000100240FFFFF2FE10
:10248000704706F0CBB9FEE70FB4054B10B503A9B2
:10249000044A029800F0F6F810BC5DF814FB000046
:1024A000E9530008C004002002480068C0F302207D
:1024B000704700000CED00E00907090E002804DB5E
:1024C00000F1E02080F80014704700F00F0000F1E8
:1024D000E02080F8141D704700487047C4040020B5
:1024E00002E008C8121F08C1002AFAD170477047DD
:1024F000002001E001C1121F002AFBD1704700003B
:102500002DE9FF5F82B00021DDE90430020DDDF826
:1025100040B0034318D044F61050A2F2FF324243B9
:102520001514119801281FD0A5EB0B00401C5FEA81
:10253000000A4FF000064E4FDFF83891B046504683
:1025400015D5CAF1000413E0119801244AA301280B
:1025500001D16FEA0B010298119AC0E90031C0E97C
:10256000024206B0BDE8F09FCBF10000DFE7044671
:102570000021404A491842EB0450CDE9001012E016
:10258000E00707D032463B4640464946FDF7A1FFEB
:102590008046894632463B4610461946FDF799FF6C
:1025A00006460F466410002CEAD1DDE90401DDE99E
:1025B0000023BAF1000F06DAFDF78BFF42464B46C7
:1025C000FDF787FF05E0FDF7F6FF42464B46FDF7B6
:1025D000F2FF04460E460022284BFEF7DBF903D833
:1025E0004FF0FF30014607E00022254B20463146E0
:1025F000FDF7C8FEFEF7B6F9102409E0002C0ADB4F
:102600000A220023FEF795F8039B30321A55641E08
:1026100050EA0102F2D1641C039AC4F1110314447C
:10262000119A012A03D0012208430DD10AE0084380
:1026300004D000204FF0110B119072E7A3EB0B05B3
:102640006D1E0DE05B4504DD4FF0000205F1010554
:1026500004E003DA4FF00002A5F10105002AECD0F6
:1026600002981199C0E90231C0E9004579E70000FC
:10267000000014400000F03F300000000000F04374
:102680000000E03F2DE9FF4F95B09A468846064688
:102690000025EEE1252877D100242746F94A0121BB
:1026A000039400E0044316F8013F203B01FA03F0D5
:1026B0001042F7D130782A2811D06FF02F033078EC
:1026C000A0F13002092A16D8039A44F0020402EB62
:1026D000820203EB42021044761C0390EFE758F8A5
:1026E000042B0392002A03DA504244F4005403906E
:1026F00044F00204761C30782E2816D116F8010F0B
:1027000044F004042A280DD06FF02F023078A0F195
:102710003003092B09D807EB870302EB4303C718E3
:10272000761CF3E758F8047B761C30786C280FD0C1
:1027300006DC4C2817D068280DD06A2814D104E094
:10274000742810D07A280FD10DE044F400140AE068
:1027500044F4801401E044F440147278824202D1BF
:1027600004F58014761C761C307866280BD013DCB8
:10277000582877D009DC002875D04528F6D046289F
:10278000F4D047281AD193E118E0632835D06428A3
:1027900079D0652812D18BE1702873D008DC6728C6
:1027A000F1D069286FD06E280DD06F2806D1ACE02B
:1027B00073282CD0752874D0782853D05246179996
:1027C00090476D1C54E1C4F30250022809D003283D
:1027D0000DD0D8F8001004280DD00D6008F10408C1
:1027E00046E1D8F80010EA17C1E90052F6E7D8F838
:1027F00000100D80F2E70D70F0E718F8041B8DF85B
:10280000001000208DF80100EB46012003E058F88D
:1028100004BB4FF0FF3061074FF0000102D40DE020
:1028200009F101018946B9420FDA8145F8DB1BF84D
:1028300009100029F4D108E009F10101894681421B
:10284000FADB1BF809100029F6D103985346A0EBD8
:10285000090721463846179A00F080FA284400EB11
:10286000090507E044E008E10DE01BF8010B5246C2
:1028700017999047B9F10109F7D2534621463846D6
:10288000179AF2E039E00A21C4F302524FF0000B2C
:102890000091022A06D058F8040BC117032A09D068
:1028A0000AE023E008F1070020F00702F2E8020145
:1028B000904605E000B2C117042A01D140B2C11709
:1028C000002906DA0A460021404261EB02012D226E
:1028D00002E0220504D52B228DF80420012203E01A
:1028E000E20701D02022F7E7914657E00A2100E0F5
:1028F00010214FF0000B00910BE010214FF0000B66
:1029000044F004040827009103E008204FF0000B76
:102910000090C4F30252022A05D058F8040B00219B
:10292000032A08D008E008F1070020F00702F2E8C7
:102930000201904603E080B2042A00D1C0B24FF0F9
:10294000000922072AD53278702A07D0DDF800C0A6
:102950008CF0100C5CEA0B0C05D00EE040228DF8D8
:102960000420012208E050EA010306D030238DF84C
:1029700004308DF8052002229146009B83F0080365
:1029800053EA0B030AD150EA010201D1620705D5CF
:1029900030228DF804204FF001097F1E3278582A2A
:1029A00004D039A20C920CAA02920BE03BA2F9E7E8
:1029B0005B46009AFDF7BDFE0C9B9B5C029A521E83
:1029C0000292137050EA0102F2D1029804A9081A87
:1029D00000F1200B600702D524F4803400E00127C9
:1029E0005F4502DDA7EB0B0000E0002000EB0B01D0
:1029F000009003984944401A0390E00306D45346DC
:102A00002146179A039800F0A9F90544002706E02B
:102A100001A85246C05D179990476D1C7F1C4F4519
:102A2000F6DBE0030CD553462146179A039800F0D5
:102A300095F9054404E030205246179990476D1CE3
:102A40000099481E00900029F5DC08E002980299E0
:102A500052460078491C0291179990476D1CBBF1B2
:102A60000001ABF1010BF1DC5BE100F065F905441D
:102A7000761C307800287FF40DAE19B02846BDE8EA
:102A8000F08F0000092801003031323334353637F9
:102A900038396162636465660000000030313233AA
:102AA000343536373839414243444546000000004A
:102AB000600700D4062708F1070020F00700F0E8BF
:102AC0000223804603F0004C5FEA0C0001D097A07F
:102AD00009E0200501D596A005E0E00701D095A00A
:102AE00001E0AFF24C001390307823F000436528EA
:102AF0000CD006DC452809D046281DD047287FD1B8
:102B00003BE0662818D067287AD136E00021112FE3
:102B100001DB112000E0781CCDE9000104A90CA81C
:102B2000FFF7EEFCDDE90D010C9A4FF0000B07F109
:102B30000109109200914EE04FF000400097CDE95E
:102B4000011004A90CA8FFF7DBFCDDE90D020C9BCA
:102B50000F994FF0000B91461093009211B9791C18
:102B600000EB0109B7EB090003D4C0F1FF3B07F10B
:102B70000109A9EB0700019042E0012F00DA0127CB
:102B80000021112F01DD112000E03846CDE90001C0
:102B900004A90CA8FFF7B4FCDDE90D010C9A009123
:102BA0004FF0000BB946109221070FD4009A4A4506
:102BB00003DA914601E0A9F10109B9F1010F05DD40
:102BC000109AA9F10101515C3029F4D0B84202DA1F
:102BD00010F1040F03DA0121CDE9011010E0002803
:102BE00003DC8344A9EB000102E0411C494500DD00
:102BF0008946A0EB0B00401C01904FF00040029072
:102C0000200705D40198484502DB4FF0FF300190C2
:102C100000208DF84B0002980DF14B07B0F1004FEA
:102C200025D002200C902B200D90029800280CDA61
:102C3000404202902D200D9007E00A210298FDF7F6
:102C400062FD3031029007F8011D0C99481E0C906E
:102C50000029F2DC02980028EFD1791E0D98087047
:102C6000307800F0200040F0450007F8020D11A870
:102C7000C01BC01D02901398007800B1012000EB2A
:102C80000901019801EBE071029801440398401A90
:102C9000401E0390E00306D453462146179A03983A
:102CA00000F05CF805441398007818B15246179963
:102CB00090476D1CE00323D553462146179A03988D
:102CC00000F04CF805441BE0BBF1000F07DB009857
:102CD000584504DD1098179910F80B0001E017997A
:102CE00030205246904701980BF1010B401E05F130
:102CF0000105019004D12E205246179990476D1C72
:102D0000B9F10001A9F10109DEDC05E017F8010BBA
:102D10005246179990476D1C0299481E029000294F
:102D2000F4DC53462146179A03989EE62D000000D6
:102D30002B000000200000002DE9F0410446002592
:102D40001E461746880404D405E039462020B047C3
:102D50006D1C641EF9D52846BDE8F0812DE9F041CF
:102D6000044600251E469046C80301D5302700E0E2
:102D70002027880404D505E041463846B0476D1C3D
:102D8000641EF9D52846BDE8F0810B78426863F3EC
:102D9000082242604B78826863F3410282608B783C
:102DA000826863F3CB228260C978C26A491E61F3EC
:102DB0001752C26270470021017041708170012179
:102DC000C1707047816841F0080181607047806878
:102DD000000701D50120704700207047816841F04D
:102DE0000401816070478068400701D50120704769
:102DF0000020704702490A6860F313420A60704776
:102E000004240140826861F300028260704770B55B
:102E100007240A2908D2056901EB4106B440A543FD
:102E2000B3402B43036109E0C568A1F10A0606EB34
:102E30004606B440A543B3402B43C3601F230D2A6D
:102E400009D3C46A0D3A02EB820293409C4391403D
:102E50002143C16270BD072A09D3046BD21F02EB64
:102E6000820293409C4391402143016370BD446BB7
:102E7000521E02EB820293409C43914021434163E6
:102E800070BD01F007030729816802D941F0007184
:102E900001E021F000718160816863F3534181603A
:102EA000816862F3145181607047426861F3CB22FC
:102EB000426070470B4910B5884202D101210A4C8B
:102EC00005E00A4988420BD1074C0121641C2046C9
:102ED00002F04EF82046BDE81040002102F048B84C
:102EE00010BD00000024014009000C000028014032
:102EF00004490A6822F478620A600A6802430A6098
:102F0000704700002C6C004031B1012906D0022925
:102F100006D104A0FFF7B8BA07A0FBE70BA0F9E7BA
:102F200070470000494E56414C4944204152475594
:102F30004D454E540D0A0000494E56414C4944201F
:102F4000434F4D4D414E440D0A000000544F4F2059
:102F50004D414E5920415247554D454E54530D0A4F
:102F60000000000000221146FDF79BB90022114627
:102F7000FDF7CFB940B139B140F8081B00210EC0B0
:102F800000F8101C08467047012070472DE9F041F9
:102F9000002705463E46044612E000BFFDF738F91B
:102FA0008046686808B1FDF733F9A96839B1414630
:102FB000474500DC0F46864200DD304606461035A8
:102FC00015B128680028E9D119A0FFF75DFA20485B
:102FD000FFF75AFA20E0A0681EA538B30A467942E6
:102FE0001DA0FFF751FA606818B1FDF711F900B1A3
:102FF000656871422A4619A0FFF746FAE06838B1C1
:10300000FDF706F920B117A0D4F80C10FFF73CFA31
:103010000EA0FFF739FA103414B121680029DAD173
:103020000AA0FFF731FA0120BDE8F0810EA0EDE71C
:103030003C636F6D6D616E643E203C617267733EF0
:10304000203C68656C7020746578743E0D0A000041
:10305000B489000800000000252A730020252A7387
:103060000000000020257300202D2D2D2025732029
:103070002D2D2D002DE9F041164604004FF00007DC
:1030800008D039B1A568E268A819904205D3B81EE6
:10309000BDE8F0814FF0FF30FAE72068324628445F
:1030A000FDF784F8A06830440026A0601DE0216888
:1030B000485D0A2801D00D2816D1804600204855C9
:1030C000B54204D020688119206902F047FDB8F1AB
:1030D0000A0F04D120790D2801D1B54201D07F1CFF
:1030E0007FB26E1C84F804806D1CA068A842DED8F4
:1030F0002EB1821BA26020688119FDF757F838466F
:10310000C6E770B500250446822104F00CFC81213D
:10311000204604F008FC0121204604F004FC284667
:1031200070BD70B54168002605464C6A314604F012
:103130000DFE94F84C10202905D183B204F144020D
:10314000284604F00AF9304670BD00207047002080
:1031500070474068416A0020012281F85220704780
:1031600070B50546406808230322446A8221284638
:1031700004F01EFC402302228121284604F018FCA2
:10318000402302220121284604F012FC4023221D84
:103190000121284604F02CFC012084F85200002074
:1031A00084F85300054944F83C0B0A68A2618A7907
:1031B000A2770A7922774979617770BD14000020DF
:1031C00070B542680025546A04F0C0FD24F8500F21
:1031D0000120E070284670BD2DE9F0410C464168A1
:1031E00022780026496A054612F060031BD0202B86
:1031F00027D1E388FBB112060AD594F801C001F18A
:1032000044021746614604F0A8F8E28839461EE0F9
:10321000607881F84C00E288A1F84E2028464431BD
:1032200004F024FA0FE06078062809D004DC0128B5
:1032300009D0032804D106E00A2807D00B280AD0B9
:10324000284604F03DFA3046BDE8F08101222846C8
:1032500004F022FAF7E760880860F4E7002070477E
:1032600001A0FFF711B90000525353495F43414C8D
:103270003A20544F444F0D0A0000000001A0FFF710
:1032800003B90000434C4541525F4552524F5253DF
:103290003A20544F444F0D0A0000000010B502F0D0
:1032A000E7FCC4B206A0FFF7EFF824B160B2BDE8B6
:1032B000104002F0F7BBBDE8104005A0FFF7E4B8EE
:1032C000434C525F525853544154533A200000002B
:1032D0004F4B0D0A0000000001A0FFF7D5B8000019
:1032E00044554D505F524547533A20544F444F0D7B
:1032F0000A000000034890F8E72090F8E61002A0CA
:10330000FFF7C2B86417002046535F4745545F413A
:103310004444523A203078253032582C30782530C9
:1033200032580D0A00000000044890F8F130B0F85F
:10333000EE20B0F8EC100248FFF7A6B864170020A2
:10334000508A00083EB53A4C94F8C8001F2835D082
:10335000172836D00F2837D0162838D01D2839D056
:1033600015283AD00D283BD01C283CD014283DD03D
:103370000C283ED01B283FD0132840D00B2841D02A
:103380001A2842D0122843D00A2844D0192845D000
:10339000112846D0092847D0BFEE000A10EE100AC7
:1033A000FDF79EF9D4F8CC208DE8070094F8C920E9
:1033B00020A0D4F8C410FFF767F83EBD9FED2A0A9D
:1033C000ECE79FED2A0AE9E79FED290AE6E79FED82
:1033D000290AE3E79FED280AE0E79FED280ADDE7E9
:1033E0009FED270ADAE79FED270AD7E79FED260A28
:1033F000D4E79FED260AD1E79FED250ACEE79FEDA2
:10340000250ACBE79FED240AC8E79FED240AC5E70C
:103410009FED230AC2E79FED230ABFE79FED220A33
:10342000BCE79FED220AB9E79FED210AB6E700004D
:103430006417002046535F4745544D4F4450415256
:10344000414D533A0D0A42523D25640D0A53483D01
:1034500025640D0A42573D252E31660D0A44455616
:103460003D25640D0A0000009A9999409A99B94047
:103470009A99E94033333B4100009C413333BB41CF
:103480006666EA4100001C429A993B4266666A42BF
:1034900066669C429A99BB429A99EA4233331C432E
:1034A00033333B43CD4C6A4300009C43CDCCBA43FD
:1034B0000080E9432DE9F041214830F8D01F82789F
:1034C000C37890F81980047D067E857E90F8207080
:1034D0001CA0FEF7D9FFBCB1012C17D028A000BF5B
:1034E000FEF7D2FF012E13D02AA000BFFEF7CCFFBB
:1034F00041462BA0FEF7C8FF072D1DD2DFE805F0DF
:103500000A0C161C181C1A0029A0E9E72CA0E7E7F2
:1035100030A0EBE732A000E034A0FEF7B5FF012FAA
:103520000CD035A0BDE8F041FEF7AEBF35A0F4E702
:1035300038A0F2E73BA0F0E73FA0EEE742A0F1E7BA
:103540006417002046535F4745545F5041434B4545
:1035500054504152414D533A0D0A5052455F4C452B
:103560004E3D25640D0A5052455F4445543D256447
:103570000D0A53594E435F4C454E3D25640D0A00DC
:10358000414444525F434F4D503A4E4F44455F4291
:10359000520D0A004C454E3A46495845440D0A0022
:1035A0005041595F4C454E3D25640D0A0000000016
:1035B000414444525F434F4D503A4F46460D0A0036
:1035C000414444525F434F4D503A4E4F44450D0ADB
:1035D000000000004C454E3A5641520D0A000000D2
:1035E0004352433A31425954450D0A004352433A3B
:1035F0004F46460D0A00000057484954453A4F4689
:10360000460D0A004352433A3242595445530D0A7B
:10361000000000004352433A31425954455F494E3D
:10362000560D0A004352433A3242595445535F49BA
:103630004E560D0A000000004352433A494E56418F
:103640004C49440D0A00000057484954453A4F4E32
:103650000D0A000001A0FEF717BF000046535F47A8
:1036600045545F53594E433A20544F444F0D0A007E
:1036700070B50D464868FFF779FCC4B2A868FFF73B
:1036800075FCC5B2064800F8E64F457002F00EFB27
:103690002A462146BDE8704002A0FEF7F5BE0000B4
:1036A0006417002046535F5345545F414444523AE7
:1036B000203078253032582C3078253032580D0A99
:1036C0000000000070B50C464868FFF74FFC054647
:1036D000A068FFF74BFC0646E068FFF747FC074C85
:1036E00024F8EC5F6680607102F0E0FA637962882A
:1036F0002188BDE870400248FEF7C6BE641700206E
:103700000C8A0008F0B52DED028B83B00F46486897
:10371000FFF72CFC0446B868FFF728FCC6B2F8682F
:10372000FFF724FC05463869FFF720FC01464FF4FB
:103730001670534A844201D2044602E0944200D9F2
:10374000144602464F48914201D2114602E081429E
:1037500000D90146052D03D81F209FED4B8A76E046
:10376000062D03D817209FED498A70E0082D03D855
:103770000F209FED478A6AE00A2D03D81E209FED97
:10378000458A64E00C2D03D816209FED438A5EE045
:103790000F2D03D80E209FED418A58E0142D03D839
:1037A0001D209FED3F8A52E0182D03D815209FED74
:1037B0003D8A4CE01E2D03D80D209FED3B8A46E04C
:1037C000272D03D81C209FED398A40E02F2D03D8E8
:1037D00014209FED378A3AE03B2D03D80C209FED53
:1037E000358A34E04F2D03D81B209FED338A2EE01D
:1037F0005E2D03D813209FED318A28E0762D03D863
:103800000B209FED2F8A22E09D2D03D81A209FEDDB
:103810002D8A1CE0BC2D03D812209FED2B8A16E0C8
:10382000EB2D03D80A209FED298A10E0B5F59C7F87
:1038300003D819209FED268A09E0B5F5BB7F03D890
:1038400011209FED248A02E09FED238A0920234D59
:1038500045F8C44F6E712871A96002F027FA18EE7E
:10386000100AFCF73DFFAA688DE807006A791CA0E2
:103870002968FEF709FE03B0BDEC028BF0BD000025
:10388000E0930400400D03009A9999409A99B94039
:103890009A99E94033331B4133333B419A9969414B
:1038A00000009C413333BB416666EA4100001C4284
:1038B0009A993B4266666A4266669C429A99BB4206
:1038C0009A99EA4233331C4333333B43CD4C6A432A
:1038D00000009C43CDCCBA430080E943641700202C
:1038E00046535F5345544D4F44504152414D533A16
:1038F0000D0A42523D25640D0A53483D25640D0AC8
:1039000042573D252E31660D0A4445563D25640D2E
:103910000A0000002DE9F05F0C464868FFF726FB1F
:103920001FFA80FAA068FFF721FB00F0FF09E068AA
:10393000FFF71CFB00F0FF082069FFF717FBC5B27B
:103940006069FFF713FBC7B2A069FFF70FFB00F038
:10395000FF0BE069FFF70AFBC6B2206AFFF706FB20
:10396000C4B22648A0F8D0A080F8D29080F8D380C6
:1039700080F8E45080F8E87080F8E9B080F8EA60F8
:1039800080F8F04002F092F943464A4651461CA0A6
:10399000FEF77AFDB5B1012D16D028A0FEF774FD13
:1039A000012F13D02AA000BFFEF76EFD59462BA0B1
:1039B000FEF76AFD072E1DD2DFE806F00A0C161C82
:1039C000181C1A0029A0E9E72CA0E7E730A0EBE7D4
:1039D00032A000E034A0FEF757FD012C0CD035A03A
:1039E000BDE8F05FFEF750BD35A0F4E738A0F2E780
:1039F0003BA0F0E73FA0EEE742A0F1E7641700200C
:103A000046535F5345545F5041434B4554504152D8
:103A1000414D533A0D0A5052455F4C454E3D256489
:103A20000D0A5052455F4445543D25640D0A5359D3
:103A30004E435F4C454E3D25640D0A0041444452BF
:103A40005F434F4D503A4E4F44455F42520D0A007E
:103A50004C454E3A46495845440D0A005041595F7D
:103A60004C454E3D25640D0A00000000414444527F
:103A70005F434F4D503A4F46460D0A004144445271
:103A80005F434F4D503A4E4F44450D0A0000000031
:103A90004C454E3A5641520D0A0000004352433AFB
:103AA00031425954450D0A004352433A4F46460DA0
:103AB0000A00000057484954453A4F46460D0A004F
:103AC0004352433A3242595445530D0A0000000014
:103AD0004352433A31425954455F494E560D0A000C
:103AE0004352433A3242595445535F494E560D0AA8
:103AF000000000004352433A494E56414C49440DA0
:103B00000A00000057484954453A4F4E0D0A00003C
:103B100001A0FEF7B9BC000046535F5345545F5304
:103B2000594E433A20544F444F0D0A0038B5684669
:103B300002F0F8F9044609A0FEF7A6FC1CB12046E5
:103B400001F0B0FF38BD0098FCF7CAFD41EC100B46
:103B500005A053EC102BFEF797FC38BD4745545F8A
:103B6000525353493A200000252E316664426D0DB0
:103B70000A00000010B515A0FEF786FC1648007973
:103B80000B2821D2DFE800F0060810121416181ACC
:103B90001E201C0011A000E012A0FEF775FCBDE87D
:103BA000104012A0FEF770BC11A0F6E712A0F4E7D7
:103BB00013A0F2E714A0F0E715A0EEE716A0ECE7DB
:103BC00017A0EAE718A0E8E719A0E6E74745545F21
:103BD000434849503A2000006417002053583132BE
:103BE0003331000053583132373200000D0A0000E3
:103BF000535831323758000053583132365800008C
:103C000053583132383000004C52313131580000B5
:103C10004C523131325800004C52323032310000B7
:103C200050414E333032380050414E33303239003B
:103C3000494E56414C49440038B5684602F0A8F94F
:103C4000044607A0FEF720FC1CB1204601F02AFF25
:103C500038BDBDF8001006A0FEF716FC38BD000008
:103C60004745545F584F5452494D3A2000000000D8
:103C700025640D0A000000000248016802A0FEF75A
:103C800003BC0000641700204745545F4445564973
:103C9000443A203078253038580D0A0001A0FEF74C
:103CA000F3BB00004745545F4552524F52533A20F0
:103CB000544F444F0D0A0000044880684FF47A7155
:103CC000B0FBF1F102A0FEF7DFBB0000641700209B
:103CD0004745545F465245513A2025750D0A00006C
:103CE00010B51DA0FEF7D0FB1E484079112830D238
:103CF000DFE800F025091117232513191F1B1D21CB
:103D00001527292B2D0018A0FEF7BEFBBDE810409B
:103D100016A0FEF7B9BB16A0F6E718A0F4E719A0A5
:103D2000F2E71AA0F0E71BA0EEE71CA0ECE71DA04D
:103D3000EAE71EA0E8E71FA0E6E71FA0E4E720A04F
:103D4000E2E720A0E0E721A0DEE722A0DCE723A055
:103D5000DAE724A0D8E700004745545F4D4F4445BB
:103D60004D3A20006417002046534B000D0A000016
:103D700046534B2047454E45524943004C4F524114
:103D800000000000534947464F580000474D534B31
:103D9000000000004C522D46485353004F515053E1
:103DA0004B00000052414E47494E4700464C52439B
:103DB00000000000424C45004250534B0000000000
:103DC00052415700574D4255530000005749535533
:103DD0004E0000005A574156450000005A494742DC
:103DE00045450000494E56414C494400024890F96F
:103DF000181002A0FEF748BB641700204745545F27
:103E0000504F5745523A2025642064426D0D0A00F8
:103E10000EB514A0FEF738FB01A802F04BF810F025
:103E2000FF0003D040B201F03DFE0EBD1148007905
:103E3000062809D0BDF80830BDF80620BDF80410EA
:103E40000DA0FEF721FB0EBDBDF80A000090BDF8E5
:103E50000830BDF80620BDF8041012A0FEF714FBD0
:103E60000EBD00004745545F525853544154533AD5
:103E70000D0A000064170020524543454956454449
:103E80003A25642C0D0A435243204552524F523A70
:103E900025642C0D0A4C454E204552524F523A256E
:103EA000640D0A0052454345495645443A25642C61
:103EB0000D0A435243204552524F523A25642C0D6D
:103EC0000A4C454E204552524F523A25642C0D0A59
:103ED00046414C53452053594E433A25640D0A0040
:103EE00001A0FEF7D1BA00004745545F5354415436
:103EF00055533A20544F444F0D0A000001A0FEF7DD
:103F0000C3BA00004745545F54454D503A20544FC2
:103F1000444F0D0A0000000010B50748D0E9002307
:103F200005480838048805A0FEF7AEFA2146BDE82A
:103F3000104007A0FEF7A8BAE8F7FF1F4745545FF7
:103F40005549443A203078256C6C580D0A00000021
:103F5000464C4153482053495A453A2025644B0D5D
:103F60000A00000001A0FEF78FBA00004745545F29
:103F70005643433A20544F444F0D0A000123002278
:103F8000194601A0FEF780BA4745545F5645525383
:103F9000494F4E3A2048573D25642C46573D2564ED
:103FA0002E25640D0A00000001A0FEF76DBA000086
:103FB0004745545F564241543A20544F444F0D0AEE
:103FC000000000000449034B4FF48072A1F114007B
:103FD000FEF7D0BF0C010020640A002010B548682D
:103FE000FEF7C4FF81B2FF2040F2FE43A1F2FE4281
:103FF00099423CD01ADC40F2ED43A1F2ED429942E5
:1040000037D00ADCA1F58061563936D00A2936D07E
:104010000B2934D079293DD125E0012A29D0072A5E
:1040200027D00B2A21D00F2A34D120E040F2E723F9
:10403000A2F2E7219A4224D00ADC012A17D0022AF0
:1040400019D0032A17D0A2F50072E63A22D118E05F
:10405000A1F54071EF391AD0012914D0032918D0E5
:10406000202917D111E0002014E0012012E00220E5
:1040700010E003200EE004200CE005200AE00620FA
:1040800008E0072006E0082004E0092002E00A20FA
:1040900000E00B2001F0A0FF044607A0FEF7F4F9B2
:1040A00024B12046BDE8104001F0FCBCBDE8104042
:1040B00005A0FEF7E9B90000494E49545F434F4E51
:1040C0004649473A200000004F4B0D0A000000000F
:1040D000F8B53E4911F8800F4D788C78CE7880B3D2
:1040E000082831D0012832D0092833D0022834D012
:1040F0000A2835D0032836D0042837D0052838D0F0
:10410000062839D00D283AD00E283BD00F283CD0B5
:10411000BFEE000A10EE100AFCF7E2FA41EC100BB9
:104120002BA053EC102B0095FEF7AEF931A0FEF753
:10413000ABF9082C46D2DFE804F02B2D393B3D3F8C
:1041400041439FED2D0AE5E79FED2C0AE2E79FED45
:104150002C0ADFE79FED2B0ADCE79FED2B0AD9E75E
:104160009FED2A0AD6E79FED2A0AD3E79FED290A99
:10417000D0E79FED290ACDE79FED280ACAE79FED1A
:10418000280AC7E79FED270AC4E79FED270AC1E782
:1041900026A000E027A0FEF777F928A0FEF774F923
:1041A00096B128A0BDE8F840FEF76EB927A0F2E767
:1041B00028A0F0E729A0EEE72AA0ECE72CA0EAE788
:1041C0002EA0E8E730A0E6E718A0EBE76417002090
:1041D0004C525F4745545F4D4F44504152414D53FF
:1041E0003A0D0A42573D252E31660D0A53463D25AC
:1041F000640D0A0043523A009A99F94066662641D6
:104200009A9979416666A6416666FA41CDCC264206
:1042100000007A420000FA4200007A430000FA43AC
:1042200000004B430000CB4300004B444F46460D7B
:104230000A000000345F350D0A0000004C524F5058
:10424000543A00004F4E0D0A00000000345F360D56
:104250000A000000345F370D0A000000345F380D9B
:104260000A0000004C495F345F350D0A0000000071
:104270004C495F345F360D0A000000004C495F3442
:104280005F380D0A00000000494E56414C49440D6C
:104290000A00000010B5154C15A094F88A2034F8D7
:1042A000841FFEF7F1F8A078843CC0B11EA000BFC7
:1042B000FEF7EAF81FA0FEF7E7F894F88B00012854
:1042C0000FD01EA0FEF7E0F81EA0FEF7DDF894F870
:1042D0008C0040B11EA0BDE81040FEF7D5B81EA06E
:1042E000E6E71BA0EEE715A0F5E700006417002045
:1042F0004C525F4745545F5041434B4554504152E7
:10430000414D533A200D0A5052455F4C454E3D25D4
:10431000640D0A5041595F4C454E3D25640D0A48D5
:1043200045414445523A0000494D504C4943495497
:104330000D0A00004352433A000000004F46460D6C
:104340000A000000494E5645525449513A000000B7
:104350004F4E0D0A000000004558504C4943495447
:104360000D0A00000248B0F8881002A0FEF78CB8D1
:10437000641700204C525F4745545F53594E433AEF
:10438000203078253034580D0A000000F0B52DEDAE
:10439000028B81B00E464868FEF7E8FDC7B2B068F0
:1043A000FEF7E4FDC4B2F068FEF7E0FDC5B2306987
:1043B000FEF7DCFDC6B2012E00D90126082F03D876
:1043C00000209FED408A32E00B2F03D808209FED9C
:1043D0003E8A2CE0102F03D801209FED3C8A26E076
:1043E000152F03D809209FED3A8A20E01F2F03D80C
:1043F00002209FED388A1AE02A2F03D80A209FED69
:10440000368A14E03F2F03D803209FED348A0EE054
:104410007D2F03D804209FED328A08E0FA2F03D8BD
:1044200005209FED308A02E09FED2F8A0620062CA2
:1044300001D2062402E00C2C00D90C24042D00D952
:1044400004252A4901F8800F4C708D70CE7001F060
:104450002DFC18EE100AFCF743F941EC100B24A0D8
:1044600053EC102B0094FEF70FF82BA0FEF70CF87E
:10447000082D22D2DFE805F004061517191B1D1FB1
:1044800026A000E027A0FDF7FFFF28A0FDF7FCFF16
:10449000AEB128A001B0BDEC028BBDE8F040FDF745
:1044A000F3BF26A0EFE727A0EDE728A0EBE729A0C0
:1044B000E9E72BA0E7E72DA0E5E72FA0E3E717A0AA
:1044C000E8E700009A99F940666626419A99794191
:1044D0006666A6416666FA41CDCC264200007A4265
:1044E0000000FA4200007A430000FA4364170020FB
:1044F0004C525F5345545F4D4F44504152414D53D0
:104500003A200D0A42573D252E31660D0A53463D8D
:1045100025640D0A0000000043523A004F46460D44
:104520000A000000345F350D0A0000004C524F5065
:10453000543A00004F4E0D0A00000000345F360D63
:104540000A000000345F370D0A000000345F380DA8
:104550000A0000004C495F345F350D0A000000007E
:104560004C495F345F360D0A000000004C495F344F
:104570005F380D0A00000000494E56414C49440D79
:104580000A0000002DE9F0410C464868FEF7EEFCF9
:104590000646A068FEF7EAFC0546E068FEF7E6FC82
:1045A00000F001072069FEF7E1FC00F001086069F6
:1045B000FEF7DCFC244C00F001020121A4F8846029
:1045C00084F88A50002017B184F8861001E084F83E
:1045D0008600B8F1000F02D084F88B1001E084F857
:1045E0008B0012B184F88C1001E084F88C0001F08B
:1045F0005DFB94F88A2034F8841F14A0FDF744FF73
:10460000A078843C012819D01EA000BFFDF73CFF14
:104610001FA0FDF739FF94F88B00012810D01EA0D1
:10462000FDF732FF1EA0FDF72FFF94F88C00012844
:1046300008D019A0BDE8F041FDF726BF1BA0E5E7B3
:104640001DA0EDE71CA0F5E7641700204C525F5356
:1046500045545F5041434B4554504152414D533AAC
:104660000D0A5052455F4C454E3D25640D0A5041A0
:10467000595F4C454E3D25640D0A4845414445521D
:104680003A0000004558504C494349540D0A000077
:104690004352433A000000004F46460D0A00000016
:1046A000494E5645525449513A000000494D504C2C
:1046B000494349540D0A00004F4E0D0A0000000006
:1046C00010B54868FEF752FC054C24F8880F01F03D
:1046D000EDFA2188BDE8104002A0FDF7D5BE00002C
:1046E000641700204C525F5345545F53594E433A70
:1046F000203078253034580D0A00000010B5002015
:1047000002F024F801F0CAFDBDE8104001A0FDF759
:10471000BBBE0000524144494F5F4F46463A204FCE
:104720004B0D0A0010B501F0C1FD642000F014FD2E
:1047300007A0FDF7A9FE01F0B9FA18B1BDE81040D5
:1047400001F0B0B9BDE8104004A0FDF79DBE000027
:10475000524144494F5F4F4E3A2000004F4B0D0AE3
:104760000000000008B5FCF73BFE10F0FF008DF8DC
:10477000000006D0FF2804D0012269460148FEF758
:1047800079FC08BD500A002001A0FDF77DBE0000A5
:10479000524541445F5245473A20544F444F0D0A19
:1047A000000000000BA0FDF76FFE01F077FD03F0A5
:1047B000EFFF052000F0D0FCBFF34F8F08480168E1
:1047C000084A01F4E06111430160BFF34F8F00BF5D
:1047D000FDE7000052455345543A204F4B0D0A0067
:1047E0000CED00E00400FA0570B50D464868FEF7D0
:1047F000BDFB040000D10124A868FEF7B7FB064604
:10480000E868FEF7B3FB054608A0FDF73DFE32461B
:104810002146284601F09EFE18B1BDE8704001F027
:1048200041B9BDE8704004A0FDF72EBE535441527B
:10483000545F54583A2000004F4B0D0A000000000E
:1048400070B54868FEF792FB84B2204601F0C8FFBD
:10485000054607A0FDF718FE25B12846BDE87040C3
:1048600001F020B92146BDE8704005A0FDF70CBE5F
:104870005345545F584F5452494D3A2000000000B0
:1048800025640D0A0000000010B54868FEF76EFBB5
:10489000034908600146BDE8104002A0FDF7F4BDE1
:1048A000641700205345545F44455649443A20302C
:1048B00078253038580D0A0010B54868FEF756FBC9
:1048C0000146054A4FF47A7048439060BDE81040B5
:1048D00002A0FDF7D9BD0000641700205345545FC6
:1048E000465245513A2025750D0A000010B50C4678
:1048F000486848A1FBF793FC00287AD046A160687D
:10490000FBF78DFC002855D044A16068FBF787FCBD
:10491000002851D043A16068FBF781FC00284DD0EE
:1049200042A16068FBF77BFC002849D041A1606888
:10493000FBF775FC002845D040A16068FBF76FFCD1
:10494000002841D03FA16068FBF769FC00283DD0FA
:104950003EA16068FBF763FC002839D03DA1606888
:10496000FBF75DFC002835D03CA16068FBF757FCE5
:10497000002831D03AA16068FBF751FC70B33AA12E
:104980006068FBF74CFC58B338A16068FBF747FC44
:1049900040B338A16068FBF742FC28B337A16068D8
:1049A000FBF73DFC10B337A16068FBF738FCF8B1AA
:1049B00036A02BE001201CE002201AE0062018E0BF
:1049C0000C2016E0032014E0072012E0092010E07C
:1049D0000A200EE008200CE00B200AE0042008E08A
:1049E000052006E00D2004E00E2002E00F2000E08C
:1049F000102001F07FFE04462BA0FDF745FD24B1F9
:104A00002046BDE8104001F04DB82AA0BDE8104096
:104A1000FDF73ABD5241570046534B0046534B5F9A
:104A2000470000004C4F52410000000053494746E8
:104A30004F580000474D534B000000004C525F465A
:104A4000485353004F5150534B00000052414E47C2
:104A5000494E4700464C524300000000424C45007E
:104A60004250534B000000004F4F4B00574D4255F2
:104A700053000000574953554E0000005A57415605
:104A8000450000005A494742454500005345545FE0
:104A90004D4F44454D3A20494E56414C4944204DD6
:104AA0004F44454D0D0A00005345545F4D4F44455A
:104AB0004D3A20004F4B0D0A0000000010B5486829
:104AC000FEF754FAC4B2204601F040FE20B1BDE822
:104AD000104004A0FDF7D8BC2146BDE8104006A058
:104AE000FDF7D2BC5345545F4F504D4F44453A20DB
:104AF0004552524F520D0A005345545F4F504D4F8F
:104B000044453A2025640D0A0000000070B548684D
:104B1000FEF728FA44B2204601F036FE054607A00B
:104B2000FDF7B2FC25B12846BDE8704000F0BABFE1
:104B30002146BDE8704004A0FDF7A6BC5345545F74
:104B4000504F5745523A200025640D0A00000000DE
:104B50000548017829B1002101700448017004A0C2
:104B600000E007A0FDF790BC7C0400207D0400203D
:104B700053544F505F54583A204F4B0D0A000000D9
:104B800053544F505F54583A204552524F520D0AD9
:104B90000000000010B503F057FE20B103A0BDE8EF
:104BA0001040FDF771BC07A0F9E7000053544F52C5
:104BB000455F434F4E4649473A204552524F520DAA
:104BC0000A00000053544F52455F434F4E46494739
:104BD0003A204F4B0D0A00002DE9F0410C462DED17
:104BE000028B4868FEF7C2F94FF47A7100FB01F7B7
:104BF000A068FEF7BBF94FF47A7100FB01F6E0689C
:104C0000FEF7B4F94FF47A7100FB01F52069FEF765
:104C1000ADF980466069FEF7A5F900EE100A12A012
:104C2000B8EEC08AFDF730FCB0EE480A43462A468B
:104C30003146384601F05CFC28B1BDEC028BBDE882
:104C4000F04100F02FBF0B48007848B101F054FF4D
:104C500009A000BFBDEC028BBDE8F041FDF714BC1C
:104C600001F042FF06A0F5E753574545505F525803
:104C70003A2000008504002053544152540D0A008C
:104C800053544F500D0A00002DE9F8430C46486874
:104C9000FEF76CF94FF47A7100FB01F7A068FEF79C
:104CA00065F94FF47A7100FB01F6E068FEF75EF9F2
:104CB0004FF47A7100FB01F52069FEF757F9804641
:104CC0006069FEF753F9C4B20EA0FDF7DDFB434661
:104CD0002A4631463846009401F01CFE18B1BDE862
:104CE000F84300F0DFBE0A48007830B102F02AF83D
:104CF00008A0BDE8F843FDF7C7BB02F01BF807A00A
:104D0000F7E7000053574545505F54583A200000DC
:104D10008704002053544152540D0A0053544F50FD
:104D20000D0A000070B54868FEF720F9C4B22046AD
:104D300001F08EFD054607A0FDF7A6FB25B128462C
:104D4000BDE8704000F0AEBE2146BDE8704004A052
:104D5000FDF79ABB54585F53545245414D3A2000D9
:104D600025750D0A0000000001A0FDF78DBB0000B5
:104D700057524954455F5245473A20544F444F0DCE
:104D80000A00000005494A6860F38F324A608208D1
:104D9000486862F31C7048607047000000100240D1
:104DA00002494A6860F307124A60704700100240E7
:104DB00002494A6860F30A224A60704700100240C4
:104DC00002494A6860F3CD224A60704700100240F1
:104DD0000F4A052810D2DFE800F003070B1015007A
:104DE000106861F3000006E0106861F3104002E013
:104DF000106861F3186010607047106A61F300007A
:104E000010627047506A61F3000050627047000002
:104E10000010024010B5034600F032F9294A2A4931
:104E200020B101280BD0022809D130E0486D80055F
:104E300005D5086B800102D52448186000E01A608F
:104E40004868234AC0F30310125C1868D0405860C9
:104E50004A681F4CC2F30222183CA25C20FA02F2FC
:104E6000DA604A680834C2F3C222A25CD04098607B
:104E70004A684968C2F30072C1F3813141EA820194
:104E800004F10802515CB0FBF1F0186110BD4868F4
:104E9000C0F300444868C0F383424868C0F34170DF
:104EA00040B90F2A06D0921C14B14868800305D57A
:104EB000084804E002EB0012521CF5E701484243A7
:104EC000BDE7000000127A0000100240006CDC0216
:104ED000D088000800093D000146002001F01F03B2
:104EE00001229A40034B03EB114109688A4300D128
:104EF000012070470010024030B500244FF44055A7
:104F000000E0641C1120FFF7E7FF012801D0AC424C
:104F1000F7D31120FFF7E0FF012800D0002030BDBB
:104F200002490A6B60F359620A637047001002403D
:104F300000B503460120FFF7F3FF0348416D63F31B
:104F40004921416500BD00000010024010B5074C2A
:104F500000F01F0301229A4004EB10400129016870
:104F600002D09143016010BD1143FBE700100240E5
:104F700010B5074C00F01F0301229A4004EB1040CB
:104F80000129016802D09143016010BD1143FBE784
:104F90000010024010B5134BB8B15C6844F4803483
:104FA0005C600128586819D040F400305860586897
:104FB00061F3954058605868090961F35E70586064
:104FC000586862F3DF70586010BD586820F4803074
:104FD0005860186B40F000701863E8E720F4003068
:104FE000E4E70000001002400D48016841F00101B3
:104FF000016001688907FCD5416821F00301416027
:10500000416811F00C0FFBD10168064A11400160A4
:105010000021416001634FF41F018160704700006F
:1050200000100240FFFFF2FE02490A6A60F3CF322D
:105030000A6270470010024002490A6A60F30922BE
:105040000A627047001002400C494A6860F301028E
:105050004A6000BF00BF00BF00BF00BF00BF00BF6D
:1050600000BF00BF00BF00BF00BF00BF00BF00BF48
:1050700000BF00BF00BF00BF00BF7047001002406C
:1050800002484068C0F381007047000000100240F1
:1050900005494A6860F397524A608208486862F39B
:1050A000DB604860704700000010024010B5044605
:1050B000012801D1FFF73CFF0248416D64F308214C
:1050C000416510BD001002400249CA6D60F3000244
:1050D000CA6570470010024030B51C480178C2789C
:1050E000437841EA02628178090441EA03210A43D4
:1050F00017490A600279C379447942EA03628379E5
:105100001B0443EA04231A434A60027AC37A447AAE
:1051100042EA0362837A1B0443EA04231A438A6047
:10512000027B0A73427B4A73827B8A73094BC27B80
:10513000CA731B780022103B05E084188D18247C6C
:10514000521C2C74D2B29A42F7DB30BD641A002094
:105150007C1B00208904002030B504464FF47A758A
:1051600002E0284600F004F8641EFAD230BD0000C8
:1051700070B54FF0E02500226C690B490B68002BDD
:1051800010D009684843A969AB698B42FCD002D2B0
:10519000A1EB030102E0A4EB030631440A441946E3
:1051A0008242F1D370BD0000000000200021417256
:1051B00041600121017201707047000001490860DF
:1051C00070470000140401400349024600200968AA
:1051D000114200D0012070471404014010B5164B55
:1051E00041681A688A431A601A1D14688C43146057
:1051F000447A002C17D00478B4B113680B431360C1
:105200000D4A083213688B431360131D1C688C43CE
:105210001C60007A60B1012802D010680843106059
:1052200018680843186010BD1A680A431A60E7E757
:1052300010680843106010BD00040140044A0129B1
:10524000116802D08143116070470143FBE7000001
:105250000004014010B5134C4FF48012B0F1046FFC
:1052600010D354F8903F43F00103236001801046AF
:1052700000F09CF80146206820F00100206000F05A
:1052800073F80CE0236943F00103236101801046A9
:1052900000F026F80146206920F001002061084650
:1052A00010BD0000002002400248016941F0800169
:1052B000016170470020024008490320CA68D207F4
:1052C00001D000207047CA68520701D501207047FD
:1052D000C968C906FBD502207047000000200240C3
:1052E00000B50346FFF7E8FF03E000BFFFF7E4FF68
:1052F0005B1E18B1002B00D1042000BD002BF5D19E
:10530000FAE7000010B5174CB0F1046F15D354F84C
:10531000901F41F0020121606060206840F0400071
:1053200020604FF0FF3000F041F80146206820F087
:105330000200206000F018F811E0216941F002013C
:1053400021616061206940F0400020614FF08040A1
:10535000FFF7C6FF0146206920F0020020610846E1
:1053600010BD0000002002404FF0046000680248B9
:10537000006802480068704700104008002040089C
:1053800009490320D1F88C20D20701D000207047B2
:10539000D1F88C20520701D501207047D1F88C102C
:1053A000C906FAD5022070470020024000B5034626
:1053B000FFF7E6FF03E000BFFFF7E2FF5B1E18B157
:1053C000002B00D1042000BD002BF5D1FAE700002E
:1053D0000348024941600349416070472301674522
:1053E00000200240AB89EFCD10B50446C0B2FCF7F7
:1053F00019F8204610BD000010B5054905A002F0BF
:10540000EDFD0A49088002484860084610BD0000CA
:10541000500900205669727475616C20436F6D509D
:105420006F727420436F6E6669670000E8000020A9
:1054300000487047D000002000487047C800002096
:1054400010B5054905A002F0C9FD0B4908800248C6
:105450004860084610BD000050090020566972746B
:1054600075616C20436F6D506F727420496E746566
:105470007266616365000000E80000200048704724
:10548000D800002010B5054905A002F0A7FD064987
:10549000088002484860084610BD000050090020FE
:1054A0004172746572790000E800002000207047A6
:1054B00010B5054905A002F091FD0A49088002488F
:1054C0004860084610BD00005009002041543332A6
:1054D000205669727475616C20436F6D20506F7235
:1054E00074000000E8000020002070470A4810B552
:1054F0000168001D0468001D0068081809D0082212
:10550000064902F02BFC054904221031204602F026
:1055100025FC0248123810BDE8F7FF1FF2000020FA
:1055200041617047016170474FF6FF7101600021D2
:1055300081710171042141710121C1717047000025
:105540008A07130F10B50F229A408C08124900FAEF
:1055500003F00CD0012C11D0022C16D0032C05D155
:105560004B6993434B614A6902434A6110BD8B68A2
:1055700093438B608A6802438A6010BDCB68934373
:10558000CB60CA680243CA6010BD0B6993430B61CC
:105590000A6902430A6110BD00000140F0B50A88A3
:1055A00093B28A79032A43D0F2B30C79C97902F015
:1055B000080204F00404224301F0030152EA01024C
:1055C00013F0FF0F4FF001054FF00F0415D000212D
:1055D00005FA01F61E420DD0D0F800C08F0004FA83
:1055E00007F62CEA060CC0F800C0066802FA07F7B6
:1055F0003E430660491C0829EAD3FF2B17D91E0A2F
:105600005FF0000105FA01F333420BD047688B00CD
:1056100004FA03FC27EA0C074760476802FA03F321
:105620001F434760491C00E004E00829EAD3F0BDAD
:105630000022C5E7497901F00F02182903D0282973
:10564000BED14361BCE70361BAE70246002092681D
:10565000914300D10120704730B50D4AC0F30724B3
:1056600002EB1063C0F30742C5B2C4F12000841AF4
:105670004FF0FF30A040E040D0401C689040844391
:105680001C60002902D095402C431C6030BD0000F6
:105690000000014081070CD16421B0FBF1F201FB55
:1056A000120141B94FF4C871B0FBF1F201FB1200D5
:1056B00008B10020704701207047000002F084FF0D
:1056C00002F0C0FE02F0B4FD02F054FE02F0E0FF72
:1056D00002F0DEFD02F05CFD02F0FCFF02F01AFFBA
:1056E00002F0ECFE02F0AAFD03F08CF803F09CF847
:1056F00003F038F8FBF764FEFEF764FC01F022FBD0
:1057000001F0FAF940F6B830FFF726FD1EA0FCF7CD
:10571000BBFE01230022194620A0FCF7B5FE01F0D4
:1057200033F923480079FF280AD122A0FCF7ACFE08
:10573000032000F051FCF0B125A000BFFCF7A4FE4F
:1057400001F0F8FA00F0B2FD6420FFF705FD00F06B
:10575000ADFA044624A0FCF797FE84B1204600F081
:10576000A1F900BF01F0C0F903F012F800F0D8FD74
:10577000FEF7F8FFF8E703F067F81FA0DEE723A0C5
:10578000FCF782FEEEE700000D0A524620746573B6
:105790007420626F6172640D0A00000048573D2555
:1057A000642C46573D25642E25640D0A0000000038
:1057B00064170020436F6E666967206D69737369B3
:1057C0006E672E20496E69742E2E2E0D0A00000081
:1057D000496E697420636F6E666967206572726FC7
:1057E000722E0D0A00000000526164696F20696E1C
:1057F00069743A2000000000496E697420636F6E7E
:10580000666967204F4B2E0D0A0000004F4B0D0AB2
:105810000000000070B51D4B1B68C3F30224C4F1E7
:105820000706042E00D90426231D072B01D20024CD
:1058300000E0E41E012303FA06F56D1E0D40A540AD
:1058400003FA04F1491E11400D43002807DB00BF95
:1058500000F1E0214FEA051281F8002407E000F092
:105860000F0202F1E0224FEA051182F8141D0BDB52
:1058700000F01F014FEA50104FEA800000F1E020D5
:1058800003FA01F3C0F8003170BD00000CED00E038
:10589000064900F0070208684FF6FF03184040EA87
:1058A0000220034A10430860704700000CED00E03E
:1058B0000000FA0501A0FCF7E7BD00004645525282
:1058C0000D0A00002DE9FF41DFF8D080D8F8100064
:1058D000FAF706FF06460F46D8F81400FAF700FF5D
:1058E00004460D46D8F80C00FAF7FAFE8DE8F000F1
:1058F00041EC100B2AA053EC102BFCF7C5FD344CE7
:1059000034A02168FCF7C0FD39A06168FCF7BCFD3C
:105910003CA0A168FCF7B8FD207B41093DA0FCF745
:10592000B3FD207B00F007013EA0FCF7ADFD617BDD
:1059300040A0FCF7A9FDE17B44A0FCF7A5FD48A031
:10594000FCF7A2FD207B000701D548A000E049A09C
:10595000FCF79AFD49A0FCF797FD207BC00601D516
:1059600042A000E043A0FCF78FFD474E47A03178EE
:105970001039FCF789FD002506E06019017C47A07D
:10598000FCF782FD6D1CEDB2307810388542F4DBF7
:1059900004B02DA0BDE8F041FCF776BD641B0020EB
:1059A0005250434B3A20525353495F504B543D257C
:1059B0002E31662C525353495F5349474E3D252E95
:1059C00031662C534E523D252E31660D0A000000E3
:1059D0007C1B002044657374696E6174696F6E206E
:1059E00049443A203078253038580D0A000000002C
:1059F00053656E6465722049443A2030782530380A
:105A0000580D0A005061636B65742049443A2025A3
:105A1000750D0A00486F702073746172743A202506
:105A2000640D0A00486F70206C696D69743A202516
:105A3000640D0A004368616E6E656C20686173686E
:105A40003A203078253032580D0A000052656C61DA
:105A500079206E6F64653A2025640D0A000000000D
:105A600057616E742061636B3A2000005965730DB5
:105A70000A0000004E6F0D0A000000005669612008
:105A80004D5154543A200000890400205061796C33
:105A90006F61643A2025640D0A00000030782530DB
:105AA00032582C00042815D006DC01280CD002281E
:105AB0000CD0032806D10BE005280DD006280DD008
:105AC0007F280DD008A00CE00AA00AE00DA008E095
:105AD00011A006E012A004E015A002E018A000E06A
:105AE0001CA0FCF7D1BC0000554E4B4E4F574E0D3D
:105AF0000A000000494E56414C4944204348495051
:105B00000D0A00004E4F5420524553504F4E444909
:105B10004E470D0A00000000425553590D0A00007F
:105B20004E4F5420535550504F525445440D0A0087
:105B3000494E56414C4944204D4F44450D0A000002
:105B4000494E56414C494420504152414D455445DF
:105B5000520D0A00544F444F0D0A00002DE9F04346
:105B60000446064691B08946002508460A4604E0E8
:105B7000082B0FD000F8013B491C0B78002BF7D104
:105B80000021017010AA2BA1484601F066F8070019
:105B900004D00FE09042EFD9401EEDE7012011B094
:105BA000BDE8F083A06820B138462168FAF764FBAD
:105BB00028B1103464B320680028F3D128E02068AD
:105BC000E8460125009006E048F825706D1C102D70
:105BD00001DB012117E010AA16A1002001F03DF819
:105BE000071EF1D108F10402691E606802F022FA72
:105BF00040B1A268694628469047012544B1206813
:105C000030B10FE002214846FDF77EF90020C6E7DB
:105C100046B10AA14846FAF72FFB18B93046FDF7FE
:105C2000B5F9054625B91FB100213846FDF76CF9D5
:105C30002846B4E73A0A0D200000000068656C7041
:105C40000000000010B5054800F070F800F00AF9F7
:105C5000FFF742FABDE81040FFF734BE641B002096
:105C600002490A6860F308220A6070470070004029
:105C70000D4810B500790B2814D2DFE800F011119F
:105C800011060A110C11111311000020FBF729FD58
:105C900004E0042010BD0020FAF762FF002010BDD0
:105CA0007F2010BD012010BD641700200D480E4953
:105CB000027980680B2A12D2DFE802F00F0F0F067C
:105CC000090F0C0F0F110F00C862FBF763BFC8620A
:105CD000FCF714BAC862FBF7C9B97F2070470120EE
:105CE00070470000641700207C0400200E4810B5A7
:105CF00000790B2816D2DFE800F0131313060A13FD
:105D00000E13131513000020FBF74BFD06E00020D7
:105D1000FCF74CF902E00020FAF78CFF002010BDE0
:105D20007F2010BD012010BD6417002010B504466F
:105D30002DED028B86B04A48B5EE008AFEEE008A51
:105D4000017940790B297CD2DFE801F08585850651
:105D50005885858585878500012804D0062822D0AE
:105D6000072878D050E003A8009002AB01AA04A94C
:105D70000020FBF7F8FB9DF8040020709DF8080058
:105D800000EE100AB8EE400A20EE280A84ED010A5F
:105D90009DF80C0000EE100AB8EE400A20EE280A2A
:105DA00084ED020A55E003A8009002AB01AA04A901
:105DB0000020FBF7FDFB9DF8040000EE100AB8EE92
:105DC000400A20EE280A84ED030ABDF90800802865
:105DD00001DBA0F5807000EE100AB8EEC00A20EEDC
:105DE000080A84ED040A9DF80C0000EE100AB8EED3
:105DF000400A20EE280A84ED050A2AE001282AD06C
:105E0000062806D0082826D0042006B0BDEC028B58
:105E100010BD01AA69460020FCF777F89DF8000044
:105E200000EE100AB8EE400A20EE280A84ED030ABC
:105E3000BDF90400802801DBA0F5807000EE100A97
:105E400001E00AE007E0B8EEC00A20EE080A84ED9F
:105E5000040A0020D9E77F20D7E70120D5E700001A
:105E6000641700201CB5104800790B281AD2DFE80F
:105E700000F01717170617171717171917006B4693
:105E80000A4A01A90020FBF7B3FB0848084A0D386D
:105E90009DF80010437B0020FBF7D8FE00201CBDBE
:105EA0007F201CBD01201CBD641700208904002038
:105EB000641A00201CB51A490A790B2A2DD2DFE892
:105EC00002F02A2A2A060E2A212A2A2C2A00497997
:105ED000021D012905D006290BD007291BD004205B
:105EE0001CBD0092831C024601A90020FBF716FB93
:105EF00006E00092831C024601A90020FBF7CCFBC0
:105F000000201CBD811D0091031D821C0146002044
:105F1000FAF7F8FDF4E77F201CBD01201CBD00004E
:105F20006417002010B5044618482DED028BBEEE14
:105F3000008A00790B2827D2DFE800F02424240609
:105F40000A241424242624000020FBF748FB02E046
:105F50000020FBF7D1FF00EE100AB8EE400A20EE59
:105F6000080A09E00020FAF7BFFD400800EE100A19
:105F7000B8EE400AB1EE400A84ED000A0020BDEC04
:105F8000028B10BD7F20FAE70120F8E7641700209C
:105F900070B504460F4800790B2818D2DFE800F0EE
:105FA00015151506151515151517150040F61111BF
:105FB0000020FBF79DFE054640F612110020FBF77E
:105FC00097FE28442080002070BD7F2070BD0120F6
:105FD00070BD0000641700202DE9F04F0621042356
:105FE0000A240822132609274FF0FF3C4CF25035B3
:105FF00046F2A8194FF0FF0A4FF0020B4FF6FF7E52
:106000000B287CD2DFE800F0FDFDFD0664FDC4FD39
:10601000FD7BFD008748C0F800C04FF0030C80F8FE
:1060200004C0417100218171DFF80CC2C0E902C1D6
:1060300001614161047641768176C17601774177CD
:106040008177C1770F2480F8204080F8214080F8C4
:10605000803080F88120012480F8824080F883100D
:10606000A0F8842080F8861041F22442A0F888200D
:1060700080F88A1080F88B4080F88C10C0F8C450EB
:1060800080F8C86080F8C9702022C0F8CC90A0F8D1
:10609000D02080F8D230102280F8D3200022C925E9
:1060A0005FF06C0600EB4203921C03F8D45FD2B29F
:1060B0005E70042AF6D308228318521CD2B283F8E9
:1060C000D410102AF8D300BF00F8E41F41704DE04F
:1060D0005848C0F800C00371417100218171DFF898
:1060E0005CC1C0E902C101614161047641768176FB
:1060F000C176017741778177C177342400E097E05A
:1061000080F8804080F88120012480F8824080F867
:106110008310A0F8842080F886101222A0F888202E
:1061200080F88A1080F88B4080F88C10C0F8C4503A
:1061300080F8C86080F8C9707022C0F8CC90A0F8D0
:10614000D02080F8D23010230022C92680F8D33026
:106150005FF06C0700EB4205921C05F8D46FD2B2D9
:106160006F70082AF6D300F8E41F4370817080F83E
:1061700003A00471417180F806B0A0F808E041F274
:10618000210141810473AA2141730020BDE8F08FF1
:106190002848C0F800C00171417100218171DFF809
:1061A000A0C0C0F808C0DFF89CC0C0E903C14161CD
:1061B000047644768176C176017741778177C1771D
:1061C00080F8804080F88120012480F8824080F8A7
:1061D0008310A0F8842080F8861041F22442A0F8B1
:1061E000882080F88A1080F88B4080F88C10C0F8E6
:1061F000C45080F8C86080F8C9702022C0F8CC90E4
:1062000000E013E0A0F8D02080F8D230102280F80F
:10621000D3200022C9256C2600EB4203921C03F810
:10622000D45FD2B25E70082AF6D34DE77F20ADE787
:106230000120ABE7641700208044E52D0056218340
:106240000084D71700943577124810B500790728D5
:106250001AD2DFE800F01919190419191A000020E0
:10626000FBF798F9044647F6FF710020FBF701F9A8
:106270000949E2074FF0010000D04871A20700D59C
:10628000C870620600D5087110BDBDE8104000203E
:10629000FAF766BC641700207C0400204FF480717C
:1062A0000148FFF73DB90000000801404FF480713C
:1062B0000148FFF737B900000008014010B5124A45
:1062C0004FF0FF31124C116010495160216991600B
:1062D0000021D173012191732321117300215318DF
:1062E0001974491CC9B21029F9D31031CAB2064930
:1062F000027001F58070F9F759FF2169BDE810407F
:1063000004A0FCF7C1B800006418002078563412CD
:106310007C04002053656E743A2025640D0A000049
:1063200038B5424C6078002548B1657004F10C0026
:10633000FFF7C4FF00F006FD207B00F019F9A078FC
:1063400028B1A57000F0FEFC207B00F011F9607907
:10635000A0B1657100F0EEFC052000F0F7F920789F
:1063600060B16069401E60612069401C2061606905
:1063700020B9256125702EA0FCF786F8E07870B171
:10638000E57000F0B9FB207918B12571FFF792FA9A
:1063900001E0FFF757FC00F0A7FB00F05BF8A07AE4
:1063A000002841D0A572207A80B1D4E90B010844BD
:1063B000E062616A884201D3206AE062FFF796FCDE
:1063C000E06A00F033F9E07A00F042FA607A0028DF
:1063D0002AD06846FFF7A6FD9DED000AD4ED0F0A0E
:1063E000B4EEE00AF1EE10FA0FDD10EE100AFAF743
:1063F00077F941EC100BE06A4FF47A71B0FBF1F1E0
:1064000053EC102B0DA0FCF73FF8FFF76FFCD4E91D
:106410000B010844E062616A884201D3206AE062AD
:1064200000F004F900F016F838BD00007C040020EC
:1064300054583A20444F4E450D0A0000467265718B
:106440003D25642C525353493D252E31662064422C
:106450006D0D0A007CB524480524244D01796FF0A8
:106460007F460B293DD2DFE801F03A3A3A062C3A52
:10647000333A3A3C3A004179012903D0062904D045
:1064800004207CBDFBF702F816E090F88C1001B1F7
:10649000012190F88B2002B10122CDE9002190F872
:1064A0008A3090F8861009B1012200E00022B0F88D
:1064B00084100020FBF778FA31460020FBF7DDFA64
:1064C0000AE04FF6FF72FF210020FBF7B5FD03E065
:1064D00031460020FAF71DFDAC7100207CBD7F2005
:1064E0007CBD01207CBD0000641700207C040020DE
:1064F00070B51D4683188B4206D82AB1A5F10A0350
:106500004EF65724A34201D3062070BDB5EEC00A53
:106510000F4CF1EE10FA07DB00206072A06A00F069
:1065200085F8A06AE0620EE0E36A04F120062263C7
:1065300086E80B0084ED0F0AE06200F077F8A563AF
:10654000656301206072FFF785FF002070BD0000C9
:106550007C040020054BD86100201861596101209E
:106560009A61187058700020704700007C04002069
:1065700010B52C49044686B008790B284FD2DFE8C5
:1065800000F04C4C4C064C4C4C4C4C4E4C0048795A
:10659000062804D0012819D0042006B010BD91F8B7
:1065A0008C0000B1012091F88B2002B10122CDE9CD
:1065B000002091F8860008B1012200E00022B1F825
:1065C000841023460020FBF7EFF91BE091F8F00060
:1065D00008B1012200E0002291F8EA0091F8E830C9
:1065E00003B10123CDE90302CDE9013491F8E400C0
:1065F000009091F8D33091F8D220B1F8D01000205B
:10660000FBF758F900212346074A0846FBF7D0FB61
:106610000420FBF7A7FB0020BFE77F20BDE7012098
:10662000BBE70000641700206419002038B52B4C2C
:10663000054620790B284FD2DFE800F04C4C4C0681
:10664000164C264C4C4E4C002846FAF723F89FED8A
:10665000241B53EC112BF9F7AEFFFAF728F801468B
:106660000020FBF7F8F933E02846FAF713F89FED1E
:106670001E1B53EC112BF9F79EFFFAF718F8014691
:106680000020FBF7CAFC23E029460020FAF7DAFBDA
:10669000174885420AD9002003460246022100908D
:1066A000FAF78CFB627F94F919100AE007200122A7
:1066B0000090042311460020FAF780FB227F94F912
:1066C00018100020FAF7B3FC29460020FAF74EFA1A
:1066D000002038BD7F2038BD012038BD6417002060
:1066E000000000008084EE3F00000000A8CB68405E
:1066F00080D99F3870B51449062201230C790B2CE0
:106700001FD2DFE804F01C1C1C06141C061C1C1EF7
:106710001C00012804D0062804D007280FD00CE064
:106720004B7100E04A71FFF7C1FA002070BD0128EB
:10673000F6D00628F6D0082801D0042070BD7F20AE
:1067400070BD012070BD0000641700200D4910B518
:1067500009790B2913D2DFE801F010101006091097
:106760000C1010121000FBF7FDFA04E0FBF7AAFD75
:1067700001E0FAF7B5FD002010BD7F2010BD01201B
:1067800010BD00006417002070B5144D0446287930
:106790000B2820D2DFE800F0060606061D1D1D1D91
:1067A0001D1F1D0014F1090F01DA012000E0002077
:1067B000162C01DD012100E00021084301D0062054
:1067C00070BD0022E1B21046FBF7B7F92C7600202D
:1067D00070BD7F2070BD012070BD000064170020D7
:1067E00070B519490A790B2A2BD2DFE802F0282864
:1067F000280628282828282A28005E2801D90620CB
:1068000070BDC0F34704001B01F8204F0F4EC5B206
:106810004D70B079F0710220FBF7A4FA224640F6E1
:1068200011110020FBF716FB2A4640F6121100203A
:10683000FBF710FBF079FBF795FA002070BD7F2085
:1068400070BD012070BD0000641700207C04002092
:1068500070B570B12D4906252D4C097907260B29F5
:1068600052D2DFE801F04F4F4F0C294F364F4F51B6
:106870004F0000F05FFABDE87040FFF7EBBD012864
:1068800007D002280ED006240020FAF7E6FD2046A5
:1068900070BD0020FAF739FF00F054FAA079E071DA
:1068A000A57107E00020FBF73CF900F04BFAA07956
:1068B000E071A6710024E7E7012802D0022804D085
:1068C0000BE00020FBF751FB0CE00020FBF780FB06
:1068D00011E0012803D002280AD0062070BD002054
:1068E000FAF799FB00F02EFAA079E071A57107E0A4
:1068F0000020FAF796FB00F025FAA079E071A67166
:10690000002070BD7F2070BD012070BD6417002085
:106910007C04002070B51D468318049E8B4207D866
:1069200032B16B1E4EF66024A34201D2022E01D971
:10693000062070BD134CAEB1E36A04F1200C226353
:106940008CE80B00E672FFF771FE206AE06200F04F
:10695000F9F93046FFF77CFFA563656301202072DB
:10696000002070BD0020E0722072A06AFFF75EFE7A
:10697000A06AE062FFF75AFE00F0DCF9FFF76AFD5B
:10698000EEE700007C0400204FF4807201490248C9
:10699000F9F70CBC00F8010864170020094910B58C
:1069A0003F220A60074A040C1432136864F30F0391
:1069B0001360121D136860F30F0313600F2008604B
:1069C00010BD000004280040084910B53F220A60AD
:1069D000040C0A1D136864F303031360121D13688B
:1069E00060F30F0313600F20086010BD04280040FF
:1069F0002DE9F04103460088002440F2B275A84218
:106A000004D3188840F63301884202D90120BDE83A
:106A1000F081284E284F07E0A8B2FEF73BFE08B1F0
:106A2000344400E03C446D1C1888A842F4D898789F
:106A3000401E98700025214E214F0EE0705D40F2FF
:106A4000A32110FB01F004EBC0141888FEF722FE0E
:106A500010B1012D00D13C446D1C9878A842EDD8AE
:106A6000D87840F2A321401EC0B210FB01F0197982
:106A700004EBC010C1EB4112C2EB012100EB01108D
:106A80005979C1EB011100EB810099790C180121B2
:106A90004FF01C10FEF75AFA01210A48FEF756FA89
:106AA0000120FFF7DDF82046FFF778FF00F00CF833
:106AB0000020ACE70085E2018033E101AC880008EA
:106AC000805101001B001C00024801688906FCD5AA
:106AD0007047000004280040024801680907FCD5FF
:106AE00070470000042800404FF480710148FEF711
:106AF00017BD0000000C01404FF480710148FEF703
:106B000011BD0000000C014070B50B4C0546022180
:106B1000204600F028F80028F9D02946204600F049
:106B200020F80121204600F01EF80028F9D0204668
:106B300000F014F8C0B270BD0030014000210170B7
:106B400041708170C1700171417181710121C17108
:106B50007047026861F3861202607047C06880B2B5
:106B60007047C16070470246002092680A4200D018
:106B700001207047C26922F40062C2610A7832B112
:106B8000012A08D0022A12D0032A18D023E0026872
:106B900022F400420EE0026822F400420260026821
:106BA00022F480420260026842F4806212E00268CD
:106BB00042F400420260026822F4804206E0026869
:106BC00042F400420260026842F4804202600268BD
:106BD00022F480620260CB79026863F3492202608A
:106BE0004A78012A02D1CA79012A15D0026822F412
:106BF000807202604B78026863F3820202608A78D6
:106C0000072A42680CD942F4807242608A7803688D
:106C100062F3C50303600BE0026842F48072E8E7A8
:106C200022F4807242608B78026863F3C5020260CE
:106C3000CB78026863F3C71202600B79026863F3D2
:106C4000CB2202604B79026863F3410202608A79C9
:106C5000016862F300010160704770B515460400D9
:106C60000E4600D12C682046F9F7E7FA0444207854
:106C700000280BD031462046F9F7EDFA01190878C3
:106C800010B1002001F8010B2046296070BD000002
:106C900010B5FEF7F5F91B4B1B4A1C4920B1012822
:106CA0000AD0022808D109E0506D800504D5106B88
:106CB000800101D516481AE00B6019E05068C0F356
:106CC000004450685368C0F38340C3F3417343B931
:106CD0000F2806D0801C14B153689B0305D50D4BBB
:106CE00004E000EB0310401CF5E7064B5843086036
:106CF0005068094AC0F30310105C0A68C2400A6079
:106D000010BD000000127A00001002400C000020AC
:106D1000006CDC0200093D00E08800084FF0E02133
:106D20000428086903D020F004000861704740F08F
:106D30000400FAE74FF400710148FEF7F1BB0000D0
:106D4000000C01404FF400710148FEF7EBBB00005E
:106D5000000C0140C26861F34D32C260704769B1F6
:106D600001290FD0022916D0032913D1416941F41A
:106D700080714161416941F400710AE0416921F487
:106D8000807102E0416941F480714161416921F4FF
:106D9000007141617047416921F48071E9E70000A9
:106DA000F0B585B004461D4616460F466846FEF708
:106DB00031F81148844201D1029800E003980A2179
:106DC00000EB80004000B0FBF7F0B0FBF1F201FBFC
:106DD0001202B0FBF1F0052A00D3401CA16860F359
:106DE0000F01A160E06866F30C30E060206965F394
:106DF0000D30206105B0F0BD0038014059B10129C6
:106E000012D002290FD1C16841F40071C160C1687C
:106E100041F4806106E0C16821F40071C160C1687D
:106E200021F48061C1607047C16821F40071EDE711
:106E3000C26861F38202C2607047C26861F3C30234
:106E4000C26070470149402008807047040000205C
:106E500002490246088802440A8070470400002064
:106E6000016C21F0020101647047016C21F0010105
:106E700001640021416401658021C16401224FF455
:106E80001E4100F045BA016C41F008010164016C3B
:106E900041F0040101647047F0B591F80AE03E4802
:106EA0000A7848F6BF754BF68F7648F2800348F2B1
:106EB000C00748F68F744CF2800C00EB8202BEF1E2
:106EC000000F34D0D2F800EC5FEA4E6E07D5D2F84E
:106ED00000EC0EEA040E4EEA070EC2F800EC0A7847
:106EE00000EB8202D2F800EC5FEA4E4E07D5D2F8F2
:106EF00000EC0EEA040E4EEA0C0EC2F800EC8A78A2
:106F0000012A0A784FEA82023CD01718D7F8002CE1
:106F1000224042EA0C02C7F8002C0A7800EB8204F7
:106F2000D4F8002C2A401A43C4F8002C0FE091F842
:106F300002E0BEF1010F14D0D2F8005C6D0406D55A
:106F4000D2F8005C254045EA0C05C2F8005C0978DF
:106F500000EB8101D1F8000C30401843C1F8000C5F
:106F6000F0BDD2F8006C760605D5D2F8006C26404C
:106F70003E43C2F8006C097800EB8101D1F8000CA7
:106F80002840EAE702EB000CDCF8002C22403A43F0
:106F9000CCF8002CC1E70000005000402DE9F04F74
:106FA000087800228300D1480344D3F8004C48F607
:106FB00080752C404D782C43C3F8004CCB7833B10E
:106FC000022B0ED0032B05D0012B06D009E04FF485
:106FD000007206E04FF4C06203E001234FF48062C8
:106FE0008B720B7800EB8304D4F8003C48F68F15C5
:106FF0002B401343C4F8003CBE4B8F78BC4E5B68FB
:1070000048F6BF7E48F280184FF0040B48F2800427
:107010004CF2800948F2C00548F68F72012F37D034
:1070200091F80AC04FF6FF77BCF1000F70D091F8CD
:1070300000C0AE4800EB8C00D0F800CC0CEA020C8B
:107040004CEA080CC0F800CCB1F804C03068B24675
:107050000E7800EBC60043F810C0CE88DAF800C006
:1070600091F800800BEBC800604443F81060DAF838
:1070700000000E784FF0020C0CEBC606304403EB18
:10708000400608893E287DD94309C0067BD0C5E06B
:107090008F7AE7B30F7800EB8707D7F800CC0CEABC
:1070A000020C4CEA080CC7F800CC8F88D6F800C058
:1070B00091F800800CEBC80C43F81C70CF88D6F810
:1070C00000C091F800800BEBC806664443F81670C8
:1070D0000B7800EB8303D3F8006C760605D5D3F864
:1070E000006C16402E43C3F8006C0B7800EB830352
:1070F000D3F8005C6D0406D5D3F8005C154045EA72
:107100000905C3F8005C0B7800EB830301E01CE089
:1071100041E0D3F8005C154045EA0905C3F8005C7E
:107120000A7800EB8203D3F8002C4BF68F752A40C7
:107130002243C3F8002C097800EB8101D1F8000C40
:1071400000EA0E0080F02000CCE08F88366891F8CD
:1071500000C006EBCC0643F816700B7800EB8303F7
:10716000D3F8006C760605D5D3F8006C16402E4394
:10717000C3F8006C097800EB8100D0F8001C01EA2C
:107180000E0101E04FE047E081F020012143C0F80B
:10719000001CBDE8F08FB246B1F806C0366891F821
:1071A00000800BEBC805354443F815C00D7800EBA3
:1071B0008505D5F8006C760406D5D5F8006C164028
:1071C00046EA0906C5F8006CDAF800500E78062287
:1071D00002EBC6022A4403EB42050A893E2A09D97A
:1071E0005309D20601D15B1E9BB207EA832242F407
:1071F000004205E05308D20700D15B1C07EA832256
:107200002A60097800EB8101D1F8000C4BF68F72EF
:10721000104080F4405065E05B1E9BB207EA83207B
:1072200040F4004005E04308C00700D15B1C07EABA
:1072300083203060DAF800300E78062000EBC600BC
:1072400003442C48406800EB430608893E2809D9CE
:107250004309C00601D15B1E9BB207EA832040F4BC
:10726000004005E04308C00700D15B1C07EA83200B
:107270003060087883001D480344D3F8006C76061C
:1072800005D5D3F8006C16402E43C3F8006C0B787C
:1072900000EB8303D3F8006C760406D5D3F8006CBA
:1072A000164046EA0906C3F8006C0B7800EB83062B
:1072B000D6F8003C13402B43C6F8003C0A7800EB9C
:1072C0008203D3F8002C4BF68F752A4082F440528B
:1072D0002243C3F8002C097800EB8101D1F8000C9F
:1072E00000EA0E002043C1F8000C52E700500040B5
:1072F000505C004004000020016C21F00801016492
:10730000016C21F0040101647047C9434164704776
:10731000012A026C02D08A43026470470A43FBE7E9
:10732000084B10B55B68521C03EB41015308002267
:1073300005E000BF31F8044B20F8024B521C9A4282
:10734000F8D310BD04000020C26C61F30602C264D1
:10735000C16C41F08001C164704740682029406AD7
:1073600014D0212911D110F8541F11700188090A75
:1073700051700168090C91700168090ED170017992
:1073800011714179517180799071704793781188AA
:1073900063F31F41D37841EA036140F8541F117928
:1073A00001715179417191798171704770B542686D
:1073B0000023526A92F853402CB1002482F85340C3
:1073C000B2F8504006E0002070BDD5182D79CD549C
:1073D0005B1C9BB2B2F850509D42F6D8402301216D
:1073E000121D00F005FB204670BD70B513464268C3
:1073F0000124526A92F852503DB1002582F8525051
:107400000A46812100F01EFB00E00024204670BDEA
:10741000084B10B55B68521C03EB41015308002276
:1074200005E000BF30F8024B21F8044B521C9A4291
:10743000F8D310BD0400002030B50C0601F07F0128
:1074400000EB4110274948F68F7248F2800320D59F
:1074500010F80C4F01EB8404D4F8005C6D0607D5DE
:10746000D4F8005C154048F2C0021543C4F8005C33
:10747000027801EB8201D1F8002CC2F30112102A2C
:107480002DD1D1F8002C48F6BF74224082F02002A2
:1074900022E090F80C4101EB8404D4F8005C00F584
:1074A00086706D0407D5D4F8005C15404CF280025C
:1074B0001543C4F8005C027801EB8201D1F8002C7E
:1074C000C2F30132B2F5805F09D1D1F8002C4BF63E
:1074D0008F74224082F440521A43C1F8002C0021DC
:1074E000C17230BD005000400068FFF7B9BC70B5F4
:1074F000044601F07F0004EB40120C3259B1606881
:107500004269002A45D094F82402032841D120463C
:10751000BDE87040104794F82002022839D1518B01
:10752000108981420DD9081A83B25383108983428E
:1075300000D3034652692046BDE87040002100F0A8
:1075400081BA118B814216D1918B814213D3B4F849
:10755000220281420FD2002515832B462A46294656
:10756000204600F06FFA29462046BDE8704000230F
:107570001A4600F03DBA6068C16829B194F8240247
:10758000032801D1204688472046BDE8704000F01E
:107590007BB870BD10B50446012084E80E0084F865
:1075A0002402204600F0CCF92068BDE81040FFF727
:1075B0005CBC10B5044601F07F0004EB401202F5FC
:1075C000867259B160688269002A26D094F8240234
:1075D000032822D12046BDE81040104794F820022D
:1075E00003281AD1538B108983420CD9181A83B2FD
:1075F00053831089834200D3034652692046BDE875
:10760000104000F0F5B96068016909B1204688476B
:107610002046BDE8104000F04BB810BD10B5044640
:1076200000F5057100F5037000F0A8FC012084F856
:107630002002B4F81202A4F8220294F80C0210F00E
:107640001F0008D001280BD002280ED12046BDE82B
:10765000104000F0C3B82046BDE8104000F03BB831
:107660002046BDE8104000F095BB10BD10B400F5F9
:1076700086740323A283628380F8203213460A466D
:1076800010BC002100F0B4B90521002380F82012BD
:107690001A46194600F0ACB930B40285C284022300
:1076A00080F8203213460A4630BC002100F0CAB9E7
:1076B0000421002380F820121A46194600F0C2B9AE
:1076C00010B50446002100F02BFC2046BDE8104018
:1076D000802100F025BC70B500F5037100240A7804
:1076E00012F0600F03D042689268904774E090F8FF
:1076F0000D52002301220A2D57D2DFE805F00518AC
:10770000562D56395056536B90F82412022901D049
:1077100003294AD190F8271229B1B0F82A1241F072
:107720000201A0F82A12022200F22A2149E00546AD
:1077300090F82402022801D003280BD148880128A0
:107740004AD185F82732B5F82A0220F00200A5F8C0
:107750002A0207E0284628E0054648880128F9D192
:1077600085F827226868826828469047284613E0F3
:107770008B88D3B9CB88C3B9897890F8243201F0CB
:107780007F01032B11D080F8261219B1022180F855
:10779000241201E080F82422FFF78AFF1CE000F0A9
:1077A00087FA19E0C988012902D0FFF789FF13E0A1
:1077B00090F82412022907D00329F6D1012200F201
:1077C0002921FFF769FF07E080F82832012200F540
:1077D0000A71F6E700F068FB204670BD2DE9F04124
:1077E00000F50376044630780027357910F0600FF5
:1077F00005D06068314682682046904756E0707830
:1078000020B1012836D003284DD146E094F8240257
:107810000026022802D0032845D114E0680603D0D0
:107820002946204600F07CFB280605F07F0004EB8B
:10783000401101D50C3101E001F58671022221F8D9
:107840000C6F204610E0280605F07F0004EB401185
:1078500001D50C3101E001F58671C87A012806D006
:107860008E81022220460C31FFF716FF1EE0012018
:107870008881F6E794F8240202281AD0032812D14E
:10788000708898B9680604D029462046FFF7D4FDD1
:1078900021E02046FFF70CFF08E094F824020228BC
:1078A00007D003280ED02046FFF70AFF3846BDE870
:1078B000F081002DFAD0802DF8D02946204600F026
:1078C0002FFBF3E7708830B92DB1802D03D0294606
:1078D000204600F025FB60683146826820469047CC
:1078E000D7E70068FFF7CFBA10B50446807A10B129
:1078F000A08898B10AE0A078012807D1A0880028C4
:1079000003D12089FFF7A4FAA08010BDE0880028E9
:10791000FBD12089FFF79CFAE08010BD2089FFF79A
:1079200097FAA080F2E70A0601F07F0100EB41110F
:1079300001D50C3101E001F586710068FFF7ACBAA2
:1079400010B500220124114600EB42131A735A733A
:107950009C73998219625983521C1982D2B259823E
:10796000082AF1D35FF0000300EB431282F80C31D8
:1079700082F80D3182F80E11A2F81411C2F820110C
:10798000A2F81A115B1CA2F81211DBB2A2F81011B6
:10799000082BE9D310BD70B50546046804E000F07B
:1079A0000F01284600F0C2F8606C0104F7D470BDE6
:1079B00070B50E06056801F07F0100EB411405D497
:1079C000002084F80E0104F5867402E00120A07303
:1079D0000C345B1C23F001102081E2702046FFF77D
:1079E00083FF21462846BDE87040FFF7D7BA000064
:1079F00010B501F07F0400EB4410C0F82021A0F87E
:107A00001A310023A0F81C31B0F81A21B0F8141173
:107A100000F586708A4202D9511AC18100E0C38103
:107A2000074800EB8401D1F8000C4BF68F72104030
:107A300080F4405048F280021043C1F8000C10BDA1
:107A4000005000402DE9F04701F07F0800EB481C92
:107A50000068CCF82020ACF81A300025ACF81C5097
:107A6000BCF814409AB20CF10C0CA24203D9121BC0
:107A7000ACF80E2002E01C46ACF80E50022301F0D8
:107A80007F0103EBC106ACF81840274B9CF80A2095
:107A9000234FDFF8909003EB81057AB150F828006E
:107AA0004006386818D5062101EBC8010144D9F811
:107AB000000040F81140BCF8061014E0BCF80410B7
:107AC0002246DCF81400FFF7A3FC38688119D9F8C6
:107AD000000040F8114015E08119D9F8000040F885
:107AE0001140BCF804102246DCF81400FFF790FCAB
:107AF000D5F8000C48F68F7108404CF2800108431D
:107B0000C5F8000CD5F8000C48F6BF71084080F0AD
:107B1000300048F280010843C5F8000CBDE8F0874A
:107B2000505C004008000020005000402DE9F04764
:107B3000064600680D4650F825204FF0020000EB85
:107B4000C5095948594B574900685FEA026C06EB72
:107B5000451403EB85072ED5D7F8002C48F60F7394
:107B60001A40C7F8002C0A6802EB090130F811002E
:107B7000C0F30900A083216A0A182262638BABB1AB
:107B8000A5B129463046FFF75DFF00BF96F82402F5
:107B9000022809D196F82612002905D03068FFF78F
:107BA000D3FB002086F82602BDE8F0872946304640
:107BB000FFF79DFCEAE74FF006035FEA025C03EB88
:107BC000C50340F68F7804F5867417D50968194403
:107BD00030F81100C0F309022282E18806F5057031
:107BE000FFF79EFB2F485038016801EA0801016049
:107BF00029463046BDE8F047FFF710BD5FEA024C6A
:107C0000D2D5D7F800CC0CEA080CC7F800CC94F811
:107C10000AC0BCF1000F0AD0520414D50A6802EB66
:107C2000090130F81100A188C0F3090812E00968C1
:107C3000194430F81100E188C0F309084246606930
:107C4000FFF76EFB14E00968194430F81100E18871
:107C5000C0F3090842466069FFF762FBD7F8000CE1
:107C600048F68F71084048F2C0010843C7F8000C7D
:107C7000218A01EB08002082616901EB0802626140
:107C8000E3894BB12189414506D82DB129463046BB
:107C9000BDE8F047FFF7ACBE29463046BDE8F047E7
:107CA000FFF787BC505C00400800002000500040F7
:107CB00070B5B0F80E1204460025080A042841D217
:107CC000DFE800F040020508A06800681EE0A06838
:107CD00080681BE0C8B203282BD005DC88B10128DE
:107CE00012D0022806D121E0042825D0052826D06C
:107CF000EE2827D0606804F503718268204690471B
:107D000012E0A068006901E0A0684069804758B1AE
:107D1000018849B1B4F8122232B1914200D20A4628
:107D200041682046FFF7B8FC284670BDA06880690E
:107D3000ECE7A068C069E9E7A068406AE6E7A068E8
:107D4000006AE3E72046FFF7BBFCEDE701F07F01A7
:107D500000EB4110B0F81C0170470000F0B50023A3
:107D60000A24302537261F4611E000BFB4EB107FF0
:107D700002D905EB107C01E006EB107C01F813C082
:107D800001EB430C00015B1C8CF80170DBB29342E9
:107D9000ECD3F0BD70B5044600F5037190F82402F1
:107DA00000250E46012808D0022806D0032804D05A
:107DB0002046FFF785FC284670BD60688268204633
:107DC0009047F18805462943F5D12046FFF770FC1E
:107DD000F1E72DE9F04106680746746C356C200424
:107DE00002D53846FFF7D7FD600507D54FF480610F
:107DF0003046FFF78AFA384600F031F8A00509D579
:107E0000A80507D54FF400713046FFF77EFA3846D3
:107E100000F0C8F8E00506D5E80504D54FF48071F8
:107E20003046FFF772FA200509D5280507D54FF42B
:107E300000613046FFF769FA384600F0B9F8E0040F
:107E40000BD5E80409D5384600F0E1F83046BDE826
:107E5000F0414FF48051FFF758BABDE8F08110B5FA
:107E60000446FEF7EFFF2046FFF76AFD002240239D
:107E700011462046FFF79CFD40230022802120462A
:107E8000FFF796FD00212068FFF75EFA012084F8D5
:107E900024026068026A002A04D02046BDE810402F
:107EA0000121104710BD000070B500F503711B4E95
:107EB0000446887830708A8800253AB9C98829B97B
:107EC00094F82412022906D003290BD02046FFF78C
:107ED000F7FB284670BDE8B184F82902032084F836
:107EE00024020BE068B194F82912814212D0606834
:107EF000416820468847307884F829026068016824
:107F000006E0022184F8241284F82902606841689E
:107F1000204688472046FFF7CBFBDAE71000002019
:107F20000B0601F07F0100EB411010B5124948F239
:107F300080020ED510F80C3F01EB8303D3F8001C30
:107F400048F6BF74214081F010011143C3F8001CB2
:107F50000FE090F80C3101EB8303D3F8001C4BF6D3
:107F60008F74214081F480511143C3F8001C00F547
:107F700086700121C17210BD005000400A78027065
:107F80004A7842708A78CB7802EB032242800A79E1
:107F90004B7902EB032282808A79C97902EB0121B5
:107FA000C18070474168C969002900D008477047FF
:107FB00010B5044690F8240284F82502042084F8C1
:107FC00024022046FFF78DFC6068026A002A04D074
:107FD0002046BDE810400221104710BD30B50022F8
:107FE0000223154608E0CC545B1C9BB2521CCD54B6
:107FF0005B1C92B29BB2401C0478002CF3D102208F
:1080000000EB420080B2087003224A7030BD10B508
:1080100004460068FFF770F994F8250284F82402FA
:108020006068026A002A04D02046BDE8104003219F
:10803000104710BD2DE9F0479246884607004FF0E3
:108040002E0947D02BA13846F8F7E9F8A0B33846F7
:10805000F8F7DEF80546064627A13846F8F7C6F8D1
:1080600030B17919491E814241D1012D3FD0B61E50
:1080700000242BE0AC4205DB781910F8010C2A280B
:1080800035D103E0385D2A2800D081464846B9F151
:10809000750F22D007DC622817D0662815D0B9F1F9
:1080A000730F24D11EE0762807D0B9F1770F1ED1C7
:1080B0005AF82400002218E00CE05AF824000022AC
:1080C0005FF0020100F01AF888B1641C4445D1DB6E
:1080D000B0450CDB0120BDE8F08700225AF82400EF
:1080E0000121EFE75AF8240001220421EAE70020E9
:1080F000F1E700003F0000002A0000002DE9F843EE
:108100000D46804617460026FAF7E6F9044637B1D1
:108110000660002269464046F8F7C3F80BE0E80025
:108120000125854026600022694640466D1EF8F70D
:10813000F0F8A84309D1206838B94046F8F768F844
:10814000009AA2EB0801884202D00020BDE8F88323
:108150000120FBE702494AF6AA20086070470000A8
:108160000030004002494A6860F302024A607047EA
:1081700000300040024908B145F255500860704790
:108180000030004001498860704700000030004026
:108190003EB501A8FDF7C8F903208DF80A000124B7
:1081A00001A921480194FDF7F9F9204D2846FAF775
:1081B00081FE0120FCF7E6FD0020FAF71BFE684671
:1081C000FAF7F9FD00218DF800108DF801108DF8F7
:1081D00002108DF8034069462846FAF7D6FD0323BE
:1081E000012200212846FAF712FE01220721284623
:1081F000FAF747FE00212846FAF757FE01212846E4
:10820000FAF700FE2846FAF7DDFD2C462046FAF77D
:10821000DEFD0028FAD12046FAF7E0FD2046FAF705
:10822000E2FD0028FAD13EBD0008014000240140D3
:1082300001210148FDF710BA0203103030B585B0B6
:1082400003A8FDF771F900248DF8124028200125BC
:108250008DF81100039503A90C48FDF79FF9002143
:108260000120FDF76DF96846FCF7A0FF8DF8095075
:108270008DF8004001958DF808406846FCF7AEFF88
:1082800001210846FCF7DAFF05B030BD000C0140C3
:108290002DE9FC476846FDF747F900248DF80640B4
:1082A0002820DFF8C8A004258DF805000095694650
:1082B0005046FDF773F9DFF8B8908DF806400226B6
:1082C00000968DF8055069464846FDF767F940F677
:1082D0000C4000908DF8064018208DF80500694686
:1082E0004846FDF75BF908215046FDF71BF94DF2B2
:1082F00040314846FDF714F942F2B0014846FDF717
:1083000011F94FF4014841465046FDF709F90120A3
:108310008DF807008DF80440102708208DF80670AE
:1083200000908DF8055069465046FDF737F98DF8F5
:1083300007608DF804404FF2F0308DF80670009021
:108340008DF8055069464846FDF728F98DF8076015
:108350008DF804408DF80670CDF800808DF805503A
:1083600069465046FDF71AF9BDE8FC870008014050
:10837000000C014010B50320FDF78AFAFAF794F8D3
:1083800000221146F9F702F801466FF00B00FAF7E8
:1083900093F8FAF789F800221146F8F7F7FF01463B
:1083A0006FF00A00FAF788F8FAF77EF80022114613
:1083B000F8F7ECFF01466FF00900FAF77DF8FAF7DD
:1083C00073F800221146F8F7E1FF01466FF0040050
:1083D000FAF772F8FAF768F800221146F8F7D6FFB4
:1083E00001466FF00300FAF767F8FAF75DF800222C
:1083F0001146F8F7CBFF01466FF00100FAF75CF881
:10840000FAF752F800220F21F8F7C0FF01464FF0AB
:10841000FF30FAF751F8002211460620FDF7FAF96D
:10842000002211461220FDF7F5F900221146252001
:10843000FDF7F0F90022BDE8104011464A20FDF793
:10844000E9B9000010B501214FF4C010FCF77EFD22
:1084500001211848FCF77AFD16480121401CFCF761
:1084600075FD14480121801CFCF770FD11480121A5
:10847000C01CFCF76BFD0F480121C01DFCF766FD19
:108480000C4801210A30FCF761FD0A4801210C303B
:10849000FCF75CFD01210848FCF758FD0648012166
:1084A000001DFCF753FDBDE8104001214FF01C10EA
:1084B000FCF74CBD0200180017001C001CB5012081
:1084C000FDF7CEFB0120FCF7B7FD0120FCF7ACFD6A
:1084D000FEF702FBFEF7F8FA47F6FF70FEF774FAB4
:1084E000FEF7F2FA40F2E970ADF8000009208DF8CD
:1084F000020014208DF8030000208DF804008DF890
:1085000005008DF806006846FEF772FA0020FAF7BB
:10851000EFFC1CBD2DE9FF416846FDF705F802A8F8
:10852000FEF70CFB01258DF8075000248DF8044060
:1085300008272020DFF888808DF806700426009038
:108540008DF8056069464046FDF728F802208DF851
:1085500007008DF8044040208DF8064000908DF80B
:10856000056069464046FDF719F88DF807508DF80B
:10857000044080208DF8067000908DF805606946F3
:108580004046FDF70BF88DF808408DF80C408DF84B
:1085900009508DF80D408DF80B408DF80E400320EA
:1085A000084C8DF80A008DF80F5002A92046FEF7FE
:1085B000E1FA01212046FEF7CCFABDE8FF81000078
:1085C000000801400030014070B5FCF70DFD4FF090
:1085D0001C1501212846FCF7B9FC0120FDF740FBE2
:1085E000294C2046FCF778FC40B901210320FCF718
:1085F000EFFB2046FCF770FC0028FAD00020FDF7C6
:108600002FFB00212846FCF7A1FC01210420FCF7E8
:10861000DFFB1E4C2046FCF75FFC0128FAD101214C
:108620000846FCF7D5FB00BFFCF766FC0028FBD032
:1086300001210020FCF7CCFB0120FCF74DFC0128B8
:10864000FAD1012217210020FCF7A4FC012102200D
:10865000FCF7BEFB1920FCF73FFC0128FAD10020F3
:10866000FCF79EFB0020FCF7ABFB0020FCF7A0FB17
:108670000220FCF7E9FC00BFFCF702FD0228FBD159
:10868000BDE87040FEF704BB01002000010024009B
:1086900010B586B06846FCF7BDFB0420019CFEF7D0
:1086A0003DFB0A480A49B4FBF0F008604FF0E020B7
:1086B000002181614FF47A71B4FBF1F1491E4161EF
:1086C000016941F00301016106B010BD40420F0095
:1086D000000000207CB56846FCF726FF01208DF8DD
:1086E000070000248DF8044008208DF80600800162
:1086F0001A4E042500908DF8055069463046FCF767
:108700004DFF02208DF807008DF8044040028DF8DF
:10871000064000908DF8055069463046FCF73EFF54
:108720000F4C00231A464FF4E1312046FEF738FB88
:1087300001212046FEF781FB01212046FEF778FB50
:1087400000212046FEF75AFB00212046FEF707FBDA
:1087500001212046FEF7FEFA7CBD00000008014022
:108760000038014008B500200090054B054A064935
:108770000648FEF70FFFBDE808400448FEF7B4BE08
:10878000440000201C000020005C0040C8040020C1
:1087900070B51649144DA1F50B70FEF707FE0400E5
:1087A00006D0024611491248F7F700FD114804604F
:1087B000114C20680026002806DD20680F4982B28F
:1087C0000F48FEF712FE2660206800280ADD2068A8
:1087D0000A4982B20A48FEF708FE012801D06D1E40
:1087E000F5D2266070BD0000404B4C00F40600201E
:1087F000640B00207404002078040020640D002025
:10880000C804002010B50120FCF75EFC0020FCF736
:108810004DFCBDE810400320FCF73ABC0148FFF7CF
:10882000D8BA0000C804002010B50120FFF7A2FC50
:108830000120FFF797FC40F6FF70FFF7A3FCBDE8AF
:108840001040FFF787BC00002DE9F041114D12499F
:10885000EA141248F7F7AAFCFCF7BAFD2846FCF721
:1088600051FD00240D4E6F14284636F81410FCF705
:10887000F1FC032805D0FCF717FD4FF0FF30BDE8F1
:10888000F081641CA4B2AD1CBC42EDD3FCF70CFD1E
:108890000020F4E700F8010864170020640F0020AE
:1088A0000003030601040602050003051F1C1F1E2A
:1088B0001F1E1F1F1E1F1E1F0000000001020304B9
:1088C000000000000102030402040608020C081064
:1088D0000000000000000000010203040607080970
:1088E0000000000000000000010203040607080960
:1088F0000C0C0E0001030404030606060606060619
:108900000600000002020203030405040406050534
:1089100006060607060000000607060403040E0C00
:108920000E0C0C0C0C0808090900EE070040404032
:108930004040404040404141414141404040404032
:1089400040404040404040404040404040050202DE
:10895000020202020202020202020202022020209D
:1089600020202020202020020202020202029090F9
:1089700090909090101010101010101010101010F7
:10898000101010101010101002020202020288884B
:108990008888888808080808080808080808080857
:1089A000080808080808080802020202400000003F
:1089B0002D890008753D75696E74382C20763D75DB
:1089C000696E7431362C20773D75696E7433322CA4
:1089D00020733D696E7433322C20623D737472696A
:1089E0006E672C203F3D416E797468696E672C205C
:1089F0002A3D30206F72206D6F7265206F66207087
:108A0000726576696F75730D0A00000046535F53F7
:108A100045545F43524357483A20300D0A4352436E
:108A20005F494E49543D3078253034580D0A435241
:108A3000435F504F4C593D3078253034580D0A571C
:108A4000485F494E49543D3078253032580D0A0070
:108A500046535F4745545F43524357483A0D0A43D4
:108A600052435F494E49543D3078253034580D0A01
:108A70004352435F504F4C593D3078253034580DA8
:108A80000A57485F494E49543D3078253032580DD9
:108A90000A0000004745545F564343004C525F476D
:108AA00045545F53594E430046535F4745545F5307
:108AB000594E43004C525F5345545F53594E430047
:108AC00046535F5345545F53594E430047657420E6
:108AD0004350552049440000476574206465766919
:108AE00063652049440000004745545F55494400F0
:108AF0004745545F44455649440000005345545F80
:108B000044455649440000005345545F4F504D4F73
:108B100044450000524144494F5F4F464600000023
:108B2000524541445F5245470000000057524954A6
:108B3000455F52454700000053544F52455F434F35
:108B40004E46494700000000494E49545F434F4E8E
:108B50004649470046535F4745545F435243574891
:108B60000000000046535F5345545F43524357484B
:108B7000000000004745545F525353490000000075
:108B8000525353495F43414C0000000054585F5317
:108B9000545245414D0000004745545F4D4F4445F8
:108BA0004D0000005345545F4D4F44454D000000BB
:108BB0004745545F584F5452494D00005345545F48
:108BC000584F5452494D00004745545F5645525343
:108BD000494F4E00524144494F5F4F4E0000000044
:108BE0004745545F43484950000000004745545FE3
:108BF00054454D50000000004745545F46524551D2
:108C0000000000005345545F4652455100000000EB
:108C100046535F4745545F414444520046535F53B7
:108C200045545F41444452004745545F504F5745B7
:108C3000520000005345545F504F5745520000000A
:108C400044554D505F524547530000004C525F471A
:108C500045545F4D4F44504152414D530000000078
:108C600046535F4745545F4D4F44504152414D5329
:108C7000000000004C525F5345545F4D4F4450413B
:108C800052414D530000000046535F5345545F4D21
:108C90004F44504152414D53000000004C525F4739
:108CA00045545F5041434B4554504152414D530050
:108CB00046535F4745545F5041434B4554504152E2
:108CC000414D53004C525F5345545F5041434B4517
:108CD00054504152414D530046535F5345545F50E9
:108CE00041434B4554504152414D5300434C454143
:108CF000525F4552524F5253000000004745545FA7
:108D00004552524F52530000434C525F52585354F5
:108D1000415453004745545F5258535441545300F3
:108D20004745545F53544154555300004745545FE1
:108D30005642415400000000524553455400000083
:108D400053574545505F5258000000005357454562
:108D5000505F54580000000053544F505F54580067
:108D600053544152545F545800000000476574202A
:108D7000414443206461746100000000620000000F
:108D80004765742046534B2073796E6320776F726A
:108D9000640000005365742046534B2073796E6362
:108DA00020776F7264000000476574204C6F526139
:108DB0002073796E6320776F7264000053657420AE
:108DC0004C6F52612073796E6320776F726400007C
:108DD00053746172742F73746F70205458207374BD
:108DE0007265616D000000005258207363616E006F
:108DF0004765742048572F46572076657273696F10
:108E00006E00000054582073776565700000000004
:108E10004765742046534B206E6F646520616E6415
:108E20002062726F6164636173742061646472654F
:108E300073736573000000005365742046534B2024
:108E40006E6F646520616E642062726F616463613D
:108E5000737420616464726573736573000000004D
:108E6000476574206672657175656E6379207365F8
:108E70007474696E6773000053657420667265715F
:108E800075656E63792073657474696E677300002D
:108E90004765742046534B204352432F5748207058
:108EA0006172616D657465727300000053657420B2
:108EB00046534B204352432F574820706172616DD7
:108EC00065746572730000004765742046534B203B
:108ED0006D6F64756C6174696F6E20706172616D25
:108EE00065746572730000005365742046534B200F
:108EF0006D6F64756C6174696F6E20706172616D05
:108F00006574657273000000476574204C6F526190
:108F1000206D6F64756C6174696F6E207061726131
:108F20006D65746572730000536574204C6F5261F7
:108F3000206D6F64756C6174696F6E207061726111
:108F40006D657465727300004765742046534B204D
:108F50007061636B657420706172616D65746572B8
:108F6000730000005365742046534B207061636B9F
:108F7000657420706172616D6574657273000000C4
:108F8000476574204C6F5261207061636B6574207B
:108F9000706172616D657465727300005365742051
:108FA0004C6F5261207061636B65742070617261F7
:108FB0006D6574657273000044657669636520723F
:108FC000657365740000000053746F7020706163F6
:108FD0006B65742062757273740000005374617263
:108FE00074207061636B6574206275727374000025
:108FF00077777777777777770000000077777777DD
:1090000077000000777777770000000077777700A8
:109010007777000077000000000000003C90000817
:1090200000000020C8040000040A0008E8920008BC
:10903000C8040020B81B0000F02400084142401A78
:10904000600763127A33C20112081361311B0803EF
:10905000041AD9041A4B041A23041A53041AC1041B
:10906000135D321B084F0813F408142039541B08F1
:10907000E9041A31041AAD041A7D041A85041AB1E0
:10908000041AED041A410413F953140812011B02C7
:10909000026F153C2E40571D02010203671C090296
:1090A000430B1125C03209041B01020B13052416C2
:1090B00010010524011009010424020205240617E9
:1090C0000107058203081CFF090441320A1D070538
:1090D0008102B52C07050107113604030904122289
:1090E0006C3320431A8008194E111AC408321A1A18
:1090F000F00881031A1A0313388D14081890140805
:10910000A5471408B88F4C08E88A1013193F1B08AC
:10911000CC0C4BC88B101A7D101AF02C5AF020136F
:10912000793C1B08D80C1AFC041A14104B894810FF
:109130005AE0304B753B085A98101AE13029081A4A
:10914000A4101A7C481AED3029105AF8201AB920B8
:1091500013608E4C08048C501AB9201A78101A2803
:109160001029204BED3D085A34204B0D4B105AB0BE
:10917000405A39601ABC1029205A41605A74205A4A
:109180002D905A80204B6132105A4C6013D1401CF4
:1091900008088F3019101A04101B8D437C19105ABF
:1091A0009C201B95423C19101AC4101AFC081B8500
:1091B000451C292019F429201A65301AA8D81AB498
:1091C0001029601BC1468C19105A60401345331B8F
:1091D00008C8D05A88601305371B08E8105AB02019
:1091E00013B5341B0848501AD8101AF00813153953
:1091F0001B0864085A10201AF5B01A10301A1C10F7
:109200001A10101371361B0838105AA8801A5510FE
:109210001A80701AC01029401A11F01A94101A54AA
:10922000F029201A29801A90301A64101A0C101A8A
:10923000C5301AAC101A6024291013E9471B08DC4A
:10924000381A581029301B514BB019101A8C30297C
:10925000D013254D1B08D01C5A2C2013A93F1B08E6
:109260006C0C5AEC604BFD3E085A94901A6520290C
:10927000085A20401A896029101A2C1029C01A692E
:109280005029105A40D01AD9E0393059605AE1506B
:109290005A08404BBD4A101AFC3029084B9D3C0827
:1092A0005AEC105A7D401A4C401AFCB813894C1BDA
:1092B0000804E05A40101AD9D01AE80C5A48505AFB
:1092C000DDA05A38C01A952029085A14806A1180E6
:1092D00059105A9D605AD4305A25D05A14104BFD5B
:0892E000460801380233640066
:04000005080001717D
:00000001FF
